X,Y_test_linear,Y_test_ridge,Y_test_lasso
-6.0,-3.5938233333333334,-23.290365761653643,-8.888285741627792
-5.99,-3.5884508221568625,-22.99313988050791,-8.839807019907871
-5.98,-3.583078310980392,-22.699326114514697,-8.791528998836982
-5.97,-3.5777057998039212,-22.408892401667202,-8.743451164593013
-5.96,-3.572333288627451,-22.121806914269303,-8.695573003906063
-5.95,-3.5669607774509804,-21.838038057687992,-8.64789400405841
-5.94,-3.56158826627451,-21.557554469110297,-8.600413652884537
-5.93,-3.5562157550980387,-21.280325016304413,-8.553131438771116
-5.92,-3.5508432439215682,-21.006318796385177,-8.506046850657022
-5.91,-3.545470732745098,-20.735505134583665,-8.459159378033318
-5.9,-3.5400982215686274,-20.467853583021252,-8.412468510943269
-5.89,-3.5347257103921566,-20.203333919487807,-8.365973739982326
-5.88,-3.529353199215686,-19.94191614622424,-8.31967455629815
-5.87,-3.5239806880392157,-19.683570488709158,-8.273570451590583
-5.86,-3.5186081768627453,-19.428267394449858,-8.22766091811167
-5.85,-3.513235665686274,-19.175977531777608,-8.18194544866565
-5.84,-3.5078631545098036,-18.92667178864705,-8.136423536608957
-5.83,-3.502490643333333,-18.680321271439805,-8.091094675850222
-5.82,-3.4971181321568627,-18.436897303772408,-8.04595836085027
-5.81,-3.491745620980392,-18.196371425308325,-8.001014086622115
-5.8,-3.4863731098039215,-17.95871539057436,-7.956261348730985
-5.79,-3.481000598627451,-17.723901167780905,-7.911699643294283
-5.78,-3.47562808745098,-17.491900937646754,-7.8673284669816175
-5.77,-3.4702555762745093,-17.26268709222784,-7.8231473170147865
-5.76,-3.464883065098039,-17.036232233750294,-7.779155691167797
-5.75,-3.4595105539215685,-16.81250917344753,-7.7353530877668355
-5.74,-3.454138042745098,-16.591490930401566,-7.691739005690294
-5.73,-3.4487655315686276,-16.37315073038851,-7.648312944368752
-5.72,-3.4433930203921563,-16.15746200472809,-7.605074403784989
-5.71,-3.438020509215686,-15.94439838913749,-7.562022884473985
-5.7,-3.4326479980392155,-15.73393372258908,-7.519157887522907
-5.69,-3.427275486862745,-15.526042046172453,-7.476478914571119
-5.68,-3.421902975686274,-15.320697601960461,-7.433985467810182
-5.67,-3.416530464509804,-15.117874831879512,-7.391677049983857
-5.66,-3.4111579533333334,-14.917548376583701,-7.349553164388092
-5.65,-3.405785442156863,-14.719693074333257,-7.307613314871035
-5.64,-3.4004129309803917,-14.524283959877009,-7.265857005833026
-5.63,-3.3950404198039212,-14.331296263338904,-7.224283742226608
-5.62,-3.389667908627451,-14.140705409108593,-7.1828930295565145
-5.61,-3.3842953974509804,-13.952487014736091,-7.141684373879669
-5.6,-3.3789228862745095,-13.766616889830473,-7.100657281805199
-5.59,-3.373550375098039,-13.583071034962705,-7.059811260494425
-5.58,-3.3681778639215687,-13.40182564057236,-7.019145817660863
-5.57,-3.362805352745098,-13.222857085878458,-6.978660461570223
-5.56,-3.357432841568627,-13.04614193779436,-6.938354701040404
-5.55,-3.3520603303921566,-12.871656949846638,-6.898228045441519
-5.54,-3.346687819215686,-12.699379061097927,-6.8582800046958585
-5.53,-3.3413153080392157,-12.529285395073808,-6.818510089277916
-5.52,-3.335942796862745,-12.36135325869372,-6.778917810214376
-5.51,-3.330570285686274,-12.195560141205842,-6.739502679084127
-5.5,-3.3251977745098036,-12.0318837131259,-6.700264208018246
-5.49,-3.319825263333333,-11.870301825180023,-6.661201909700007
-5.48,-3.3144527521568627,-11.71079250725153,-6.622315297364876
-5.47,-3.309080240980392,-11.553333967331692,-6.58360388480052
-5.46,-3.3037077298039215,-11.39790459047445,-6.5450671863468015
-5.45,-3.298335218627451,-11.244482937755048,-6.506704716895775
-5.44,-3.2929627074509806,-11.093047745232623,-6.46851599189169
-5.43,-3.2875901962745093,-10.943577922916743,-6.430500527330991
-5.42,-3.282217685098039,-10.796052553737878,-6.392657839762326
-5.41,-3.2768451739215685,-10.650450892521718,-6.35498744628653
-5.4,-3.271472662745098,-10.506752364967468,-6.317488864556634
-5.39,-3.266100151568627,-10.364936566630025,-6.2801616127778646
-5.38,-3.260727640392157,-10.224983261906083,-6.2430052097076505
-5.37,-3.2553551292156864,-10.086872383024033,-6.206019174655608
-5.36,-3.2499826180392155,-9.950584029037856,-6.169203027483552
-5.35,-3.2446101068627446,-9.816098464824792,-6.132556288605489
-5.34,-3.2392375956862742,-9.683396120087002,-6.09607847898763
-5.33,-3.233865084509804,-9.55245758835692,-6.059769120148374
-5.32,-3.2284925733333334,-9.42326362600661,-6.023627734158317
-5.31,-3.2231200621568625,-9.295795151260851,-5.987653843640245
-5.3,-3.217747550980392,-9.170033243214212,-5.951846971769153
-5.29,-3.2123750398039213,-9.045959140851723,-5.916206642272219
-5.28,-3.207002528627451,-8.923554242073632,-5.880732379428825
-5.27,-3.20163001745098,-8.802800102723758,-5.845423708070537
-5.26,-3.1962575062745096,-8.683678435621843,-5.810280153581131
-5.25,-3.190884995098039,-8.566171109599527,-5.775301241896567
-5.24,-3.1855124839215687,-8.450260148540229,-5.740486499505006
-5.23,-3.1801399727450983,-8.335927730422815,-5.705835453446802
-5.22,-3.174767461568627,-8.223156186368971,-5.671347631314503
-5.21,-3.1693949503921566,-8.111927999694473,-5.637022561252862
-5.2,-3.164022439215686,-8.002225804964056,-5.602859771958814
-5.19,-3.1586499280392157,-7.894032387050197,-5.568858792681497
-5.18,-3.153277416862745,-7.7873306801955575,-5.535019153222241
-5.17,-3.1479049056862745,-7.682103767079237,-5.501340383934578
-5.16,-3.142532394509804,-7.578334877886668,-5.467822015724231
-5.15,-3.137159883333333,-7.476007389383346,-5.434463580049113
-5.14,-3.1317873721568623,-7.375104823992203,-5.401264608919338
-5.13,-3.126414860980392,-7.2756108488747735,-5.3682246348972225
-5.12,-3.1210423498039215,-7.177509275015966,-5.335343191097265
-5.11,-3.115669838627451,-7.080784056312638,-5.302619811186168
-5.1,-3.11029732745098,-6.985419288665788,-5.2700540293828215
-5.09,-3.10492481627451,-6.891399209076525,-5.237645380458322
-5.08,-3.099552305098039,-6.798708194745577,-5.205393399735957
-5.07,-3.0941797939215685,-6.707330762176623,-5.173297623091204
-5.06,-3.0888072827450976,-6.617251566283173,-5.141357586951739
-5.05,-3.083434771568627,-6.5284553994992205,-5.1095728282974395
-5.04,-3.078062260392157,-6.4409271908934045,-5.077942884660371
-5.03,-3.0726897492156864,-6.354652005286935,-5.046467294124797
-5.02,-3.067317238039215,-6.269615042375097,-5.015145595327173
-5.01,-3.0619447268627447,-6.185801635852426,-4.9839773274561585
-4.99,-3.051199704509804,-6.02178749152502,-4.922099244009545
-4.98,-3.0458271933333334,-5.941558083282455,-4.891388509572232
-4.97,-3.0404546821568625,-5.86249488882898,-4.860829368338093
-4.96,-3.035082170980392,-5.784583898858996,-4.830421362256767
-4.95,-3.0297096598039217,-5.707811232892821,-4.800164033830077
-4.94,-3.024337148627451,-5.632163138427053,-4.770056926112045
-4.93,-3.01896463745098,-5.557625990088479,-4.740099582708886
-4.92,-3.0135921262745096,-5.484186288791594,-4.710291547779018
-4.91,-3.008219615098039,-5.411830660899609,-4.680632366033048
-4.9,-3.0028471039215687,-5.340545857389065,-4.651121582733778
-4.89,-2.997474592745098,-5.270318753017969,-4.621758743696207
-4.88,-2.9921020815686274,-5.201136345497471,-4.592543395287532
-4.87,-2.9867295703921566,-5.132985754667056,-4.563475084427142
-4.86,-2.981357059215686,-5.065854221673273,-4.5345533585866225
-4.85,-2.9759845480392153,-4.999729108151971,-4.505777765789752
-4.84,-2.970612036862745,-4.934597895414068,-4.477147854612511
-4.83,-2.9652395256862745,-4.8704481836347515,-4.4486631741830704
-4.82,-2.959867014509804,-4.8072676910462455,-4.420323274181794
-4.81,-2.954494503333333,-4.745044253134019,-4.392127704841247
-4.79,-2.943749480980392,-4.623420464748298,-4.33616776183357
-4.78,-2.9383769698039215,-4.563996364326677,-4.308402491392542
-4.77,-2.9330044586274506,-4.505481817101819,-4.280779758064444
-4.76,-2.92763194745098,-4.447865232890313,-4.2532991148428225
-4.75,-2.92225943627451,-4.391135134012103,-4.225960115273409
-4.74,-2.9168869250980394,-4.335280154510945,-4.198762313454136
-4.73,-2.9115144139215685,-4.280289039378241,-4.171705264035127
-4.72,-2.9061419027450976,-4.226150643780303,-4.144788522218701
-4.71,-2.9007693915686272,-4.17285393228906,-4.118011643759382
-4.7,-2.895396880392157,-4.120387978116106,-4.091374184963878
-4.69,-2.8900243692156864,-4.0687419623502175,-4.064875702691098
-4.68,-2.8846518580392155,-4.017905173198217,-4.038515754352141
-4.67,-2.879279346862745,-3.967867005229254,-4.012293897910311
-4.66,-2.8739068356862743,-3.918616958622424,-3.986209691881099
-4.65,-2.868534324509804,-3.870144638417792,-3.960262695332196
-4.64,-2.863161813333333,-3.8224397537707664,-3.9344524678834825
-4.63,-2.8577893021568626,-3.7754921172098355,-3.908778569707044
-4.62,-2.852416790980392,-3.7292916438976333,-3.8832405615271552
-4.61,-2.8470442798039217,-3.6838283508953684,-3.8578380046202847
-4.59,-2.83629925745098,-3.5950738791682193,-3.807437492492461
-4.58,-2.8309267462745096,-3.5517632374850554,-3.782438662585429
-4.57,-2.825554235098039,-3.5091508487473817,-3.7575735345792554
-4.56,-2.8201817239215683,-3.467227228592043,-3.732841672511384
-4.55,-2.814809212745098,-3.4259829902107595,-3.7082426409714655
-4.54,-2.8094367015686275,-3.3854088436377276,-3.6837760051013353
-4.53,-2.804064190392157,-3.3454955950405214,-3.659441330595027
-4.52,-2.7986916792156857,-3.306234146014256,-3.6352381836987693
-4.51,-2.7933191680392153,-3.267615492879048,-3.611166131210991
-4.5,-2.787946656862745,-3.2296307259806905,-3.587224740482312
-4.49,-2.7825741456862745,-3.192271028994638,-3.563413579415547
-4.48,-2.777201634509804,-3.155527678233198,-3.539732216465708
-4.47,-2.771829123333333,-3.119392041955978,-3.516180220639998
-4.46,-2.766456612156863,-3.083855579683587,-3.4927571614978277
-4.45,-2.761084100980392,-3.048909841514517,-3.4694626091507885
-4.44,-2.7557115898039215,-3.0145464674452813,-3.446296134262676
-4.43,-2.7503390786274506,-2.9807571866937583,-3.423257308049476
-4.42,-2.74496656745098,-2.947533817025734,-3.4003457022793766
-4.41,-2.73959405627451,-2.914868264084638,-3.3775608892727558
-4.39,-2.7288490339215685,-2.8511786663459673,-3.3323699335924397
-4.38,-2.7234765227450977,-2.820138866235793,-3.309962938320483
-4.37,-2.7181040115686272,-2.789625370909102,-3.287681030615477
-4.36,-2.712731500392157,-2.7596305154551053,-3.265523785558777
-4.35,-2.707358989215686,-2.7301467188858632,-3.2434907787839333
-4.34,-2.7019864780392155,-2.701166483488216,-3.221581586476698
-4.33,-2.696613966862745,-2.6726823941788345,-3.1997957853750107
-4.32,-2.6912414556862747,-2.6446871178624263,-3.17813295276901
-4.31,-2.6858689445098034,-2.6171734027930555,-3.1565926665010293
-4.3,-2.680496433333333,-2.590134077938595,-3.135174504965599
-4.29,-2.6751239221568626,-2.563562052348266,-3.1138780471094427
-4.28,-2.669751410980392,-2.5374503145233,-3.09270287243148
-4.27,-2.6643788998039213,-2.511791931790699,-3.0716485609828252
-4.26,-2.659006388627451,-2.486580049680081,-3.0507146933667926
-4.25,-2.6536338774509804,-2.461807891303591,-3.0299008507388856
-4.24,-2.6482613662745096,-2.4374687567389244,-3.009206614806806
-4.23,-2.642888855098039,-2.413556022415384,-2.988631567830452
-4.22,-2.6375163439215683,-2.390063140503014,-2.9681752926219125
-4.21,-2.632143832745098,-2.3669836383048004,-2.9478373725454805
-4.19,-2.621398810392157,-2.3220392543018162,-2.9075149340070596
-4.18,-2.616026299215686,-2.3001617973399267,-2.887529585034622
-4.17,-2.6106537880392153,-2.278672568583593,-2.867660930173396
-4.16,-2.605281276862745,-2.2575654619896013,-2.847908555548646
-4.15,-2.5999087656862745,-2.2368344430645184,-2.828272047837832
-4.14,-2.5945362545098036,-2.2164735482780378,-2.8087509942706084
-4.13,-2.589163743333333,-2.1964768844793534,-2.7893449826288292
-4.12,-2.583791232156863,-2.176838628316487,-2.770053601246539
-4.11,-2.5784187209803924,-2.157553025658631,-2.750876439009981
-4.1,-2.573046209803921,-2.1386143910214446,-2.73181308535759
-4.09,-2.5676736986274507,-2.120017106995334,-2.7128631302800033
-4.08,-2.5623011874509802,-2.101755623676673,-2.6940261643200465
-4.07,-2.55692867627451,-2.08382445810199,-2.675301778572744
-4.06,-2.551556165098039,-2.066218193685101,-2.6566895646853124
-4.05,-2.5461836539215685,-2.048931479657181,-2.6381891148571706
-4.04,-2.540811142745098,-2.03195903050976,-2.619800021839927
-4.03,-2.5354386315686273,-2.0152956254406478,-2.601521878937386
-4.02,-2.5300661203921564,-1.9989361078027787,-2.5833542800055476
-4.01,-2.524693609215686,-1.9828753845559655,-2.5652968194526102
-3.99,-2.513948586862745,-1.9516302638399599,-2.5295106938772003
-3.98,-2.5085760756862743,-1.9364359934311377,-2.5117812204320957
-3.97,-2.503203564509804,-1.9215207704578718,-2.4941602685206314
-3.96,-2.497831053333333,-1.9068798117919865,-2.476647435311979
-3.95,-2.4924585421568626,-1.8925083946834032,-2.4592423185275094
-3.94,-2.487086030980392,-1.878401856232058,-2.4419445164407847
-3.93,-2.4817135198039217,-1.864555592862685,-2.4247536278775663
-3.92,-2.476341008627451,-1.8509650598024208,-2.4076692522158076
-3.91,-2.4709684974509805,-1.837625770561274,-2.390690989385661
-3.9,-2.4655959862745096,-1.8245332964154035,-2.3738184398694706
-3.89,-2.460223475098039,-1.8116832658932374,-2.3570512047017793
-3.88,-2.4548509639215683,-1.7990713642643918,-2.3403888854693222
-3.87,-2.449478452745098,-1.7866933330314183,-2.3238310843110326
-3.86,-2.444105941568627,-1.7745449694243312,-2.307377403918037
-3.85,-2.4387334303921566,-1.762622125897953,-2.29102744753366
-3.84,-2.433360919215686,-1.7509207096320292,-2.274780818953419
-3.83,-2.427988408039216,-1.7394366820341305,-2.258637122525028
-3.82,-2.422615896862745,-1.7281660582453324,-2.242595963148396
-3.81,-2.4172433856862745,-1.717104906648653,-2.2266569462756283
-3.79,-2.4064983633333332,-1.6955955568433976,-2.1950837646110797
-3.78,-2.4011258521568624,-1.6851397572251365,-2.1794488134844854
-3.77,-2.395753340980392,-1.6748782260157546,-2.1639144321921284
-3.76,-2.3903808298039215,-1.6648072905309261,-2.1484802289470895
-3.75,-2.3850083186274507,-1.6549233284366058,-2.133145812514647
-3.74,-2.3796358074509802,-1.6452227672766344,-2.1179107922122733
-3.73,-2.37426329627451,-1.6357020840030434,-2.102774777909635
-3.72,-2.3688907850980394,-1.6263578045090763,-2.087737380028597
-3.71,-2.3635182739215685,-1.617186503164892,-2.0727982095432185
-3.7,-2.3581457627450977,-1.6081848023559584,-2.057956877979753
-3.69,-2.3527732515686273,-1.5993493720241292,-2.0432129974166493
-3.68,-2.347400740392157,-1.5906769292113887,-2.0285661804845545
-3.67,-2.3420282292156864,-1.582164237606265,-2.014016040366308
-3.66,-2.3366557180392156,-1.5738081070929018,-1.999562190796946
-3.65,-2.3312832068627447,-1.5656053933027765,-1.9852042460637003
-3.64,-2.3259106956862743,-1.5575529971690698,-1.970941821005998
-3.63,-2.320538184509804,-1.549647864483666,-1.9567745310154594
-3.62,-2.3151656733333335,-1.5418869854567827,-1.9427019920359048
-3.61,-2.3097931621568626,-1.5342673942792284,-1.9287238205633448
-3.6,-2.304420650980392,-1.5267861686872686,-1.9148396336459903
-3.59,-2.2990481398039213,-1.5194404295301032,-1.9010490488842433
-3.58,-2.293675628627451,-1.5122273403399458,-1.8873516844307048
-3.57,-2.2883031174509805,-1.505144106904692,-1.8737471589901682
-3.56,-2.2829306062745096,-1.4981879768431794,-1.8602350918196247
-3.55,-2.2775580950980387,-1.4913562391830213,-1.8468151027282589
-3.54,-2.2721855839215683,-1.4846462239410188,-1.8334868120774528
-3.53,-2.266813072745098,-1.4780553017061295,-1.8202498407807821
-3.52,-2.2614405615686275,-1.4715808832250015,-1.8071038103040191
-3.51,-2.2560680503921566,-1.4652204189900533,-1.7940483426651308
-3.5,-2.250695539215686,-1.4589713988300983,-1.781083060434281
-3.49,-2.245323028039216,-1.4528313515035043,-1.768207586733827
-3.48,-2.239950516862745,-1.4467978442938825,-1.7554215452383215
-3.47,-2.2345780056862745,-1.4408684826082991,-1.7427245601745152
-3.46,-2.229205494509804,-1.4350409095779983,-1.730116256321351
-3.45,-2.2238329833333332,-1.4293128056616364,-1.71759625900997
-3.44,-2.2184604721568624,-1.423681888251012,-1.7051641941237063
-3.43,-2.213087960980392,-1.4181459112792922,-1.6928196880980917
-3.42,-2.2077154498039215,-1.4127026648317218,-1.680562367920851
-3.41,-2.202342938627451,-1.4073499747588147,-1.668391861131907
-3.39,-2.19159791627451,-1.3969077436617974,-1.6443098006395707
-3.38,-2.186225405098039,-1.391814029718303,-1.6323975047769979
-3.37,-2.1808528939215686,-1.3868025255543135,-1.6205705379843616
-3.36,-2.175480382745098,-1.3818712301307516,-1.6088285305625603
-3.35,-2.1701078715686273,-1.3770181759045859,-1.5971711133646884
-3.34,-2.1647353603921564,-1.3722414284591642,-1.5855979177960344
-3.33,-2.159362849215686,-1.367539086136973,-1.5741085758140845
-3.32,-2.1539903380392156,-1.3629092796748088,-1.5627027199285177
-3.31,-2.148617826862745,-1.3583501718413535,-1.5513799832012107
-3.3,-2.1432453156862743,-1.3538599570771523,-1.5401399992462341
-3.29,-2.137872804509804,-1.349436861136983,-1.5289824022298546
-3.28,-2.132500293333333,-1.345079140734609,-1.5179068268705338
-3.27,-2.1271277821568626,-1.3407850831899109,-1.50691290843893
-3.26,-2.121755270980392,-1.336553006078388,-1.496000282757895
-3.25,-2.1163827598039218,-1.332381256883025,-1.4851685862024782
-3.24,-2.111010248627451,-1.3282682126485121,-1.4744174556999223
-3.23,-2.10563773745098,-1.3242122796378157,-1.4637465287296665
-3.22,-2.1002652262745096,-1.3202118929910913,-1.453155443323346
-3.21,-2.094892715098039,-1.3162655163869275,-1.4426438380647895
-3.2,-2.089520203921569,-1.3123716417059255,-1.4322113520900235
-3.19,-2.084147692745098,-1.308528788696586,-1.421857625087268
-3.18,-2.0787751815686275,-1.3047355046435236,-1.4115822972969403
-3.17,-2.0734026703921566,-1.3009903640379754,-1.4013850095116505
-3.16,-2.0680301592156862,-1.2972919682506125,-1.3912654030762068
-3.15,-2.062657648039216,-1.2936389452066452,-1.3812231198876108
-3.14,-2.0572851368627454,-1.29002994906321,-1.3712578023950612
-3.13,-2.051912625686274,-1.2864636598890309,-1.3613690935999505
-3.12,-2.0465401145098037,-1.2829387833463566,-1.3515566370558685
-3.11,-2.0411676033333332,-1.2794540503751564,-1.341820076868598
-3.1,-2.035795092156863,-1.2760082168795712,-1.3321590576961195
-3.09,-2.030422580980392,-1.2726000634166144,-1.3225732247486077
-3.08,-2.0250500698039215,-1.2692283948871144,-1.3130622237884328
-3.07,-2.0196775586274507,-1.2658920402288867,-1.3036257011301609
-3.06,-2.0143050474509803,-1.2625898521121406,-1.2942633036405535
-3.05,-2.00893253627451,-1.2593207066370957,-1.2849746787385663
-3.04,-2.0035600250980394,-1.2560835030338184,-1.2757594743953524
-3.03,-1.9981875139215683,-1.2528771633642601,-1.2666173391342586
-3.02,-1.992815002745098,-1.2497006322264939,-1.2575479220308285
-3.01,-1.9874424915686273,-1.2465528764611404,-1.2485508727127996
-2.99,-1.9766974692156862,-1.2403396678767438,-1.2307724787048782
-2.98,-1.9713249580392156,-1.237272257340058,-1.2219904360314384
-2.97,-1.9659524468627452,-1.2342297061685763,-1.2132793651763085
-2.96,-1.9605799356862743,-1.2312110880882434,-1.204638918528203
-2.95,-1.955207424509804,-1.2282154973517196,-1.1960687490280333
-2.94,-1.9498349133333333,-1.2252420484599402,-1.187568510168905
-2.93,-1.9444624021568628,-1.2222898758858092,-1.1791378559961205
-2.92,-1.939089890980392,-1.2193581338000201,-1.1707764411071766
-2.91,-1.9337173798039216,-1.2164459957989946,-1.162483920651766
-2.9,-1.928344868627451,-1.2135526546349302,-1.1542599503317768
-2.89,-1.9229723574509803,-1.2106773219479605,-1.1461041864012922
-2.88,-1.9175998462745096,-1.2078192280003999,-1.1380162856665907
-2.87,-1.9122273350980392,-1.2049776214130923,-1.1299959054861473
-2.86,-1.9068548239215684,-1.2021517689038297,-1.1220427037706309
-2.85,-1.901482312745098,-1.1993409550278566,-1.114156338982907
-2.84,-1.8961098015686273,-1.1965444819204378,-1.1063364701380358
-2.83,-1.8907372903921569,-1.1937616690414865,-1.098582756803274
-2.82,-1.885364779215686,-1.1909918529222498,-1.0908948590980718
-2.81,-1.8799922680392156,-1.188234386914039,-1.0832724376940768
-2.79,-1.8692472456862745,-1.1827540012429176,-1.0682226692372714
-2.78,-1.8638747345098037,-1.1800298701500398,-1.0607946462887317
-2.77,-1.8585022233333333,-1.1773156658199273,-1.0534307478499403
-2.76,-1.8531297121568626,-1.17461082200631,-1.0461306373535209
-2.75,-1.847757200980392,-1.1719147878179472,-1.038893978784293
-2.74,-1.8423846898039216,-1.1692270274814844,-1.031720436679271
-2.73,-1.837012178627451,-1.1665470201063008,-1.0246096761276648
-2.72,-1.8316396674509805,-1.1638742594513376,-1.0175613627708808
-2.71,-1.8262671562745096,-1.1612082536939001,-1.0105751628025192
-2.7,-1.8208946450980392,-1.158548525200431,-1.003650742968377
-2.69,-1.8155221339215686,-1.1558946102992422,-0.9967877705664452
-2.68,-1.810149622745098,-1.1532460590551967,-0.9899859134469118
-2.67,-1.8047771115686273,-1.1506024350463442,-0.983244840012159
-2.66,-1.7994046003921569,-1.147963315142488,-0.9765642192167652
-2.65,-1.7940320892156862,-1.145328289285688,-0.9699437205675034
-2.64,-1.7886595780392156,-1.142696960272688,-0.9633830141233433
-2.63,-1.783287066862745,-1.140068943539258,-0.9568817704954484
-2.62,-1.7779145556862745,-1.1374438669464495,-0.950439660847179
-2.61,-1.7725420445098037,-1.1348213705687513,-0.9440563568940898
-2.6,-1.7671695333333333,-1.132201106484143,-0.9377315309039322
-2.59,-1.7617970221568626,-1.1295827385660369,-0.9314648556966514
-2.58,-1.7564245109803922,-1.1269659422770997,-0.9252560046443894
-2.57,-1.7510519998039213,-1.1243504044649493,-0.9191046516714825
-2.56,-1.745679488627451,-1.12173582315972,-0.9130104712544638
-2.55,-1.7403069774509803,-1.119121907373486,-0.9069731384220598
-2.54,-1.7349344662745096,-1.1165083769015367,-0.9009923287551949
-2.53,-1.729561955098039,-1.1138949621254997,-0.8950677183869866
-2.52,-1.7241894439215686,-1.1112814038183005,-0.8891989840027499
-2.51,-1.7188169327450977,-1.1086674529509541,-0.8833858028399932
-2.5,-1.7134444215686273,-1.106052870501179,-0.8776278526884218
-2.49,-1.708071910392157,-1.1034374272638299,-0.8719248118899362
-2.48,-1.7026993992156862,-1.100820903663138,-0.8662763593386311
-2.47,-1.6973268880392156,-1.0982030895667556,-0.8606821744807986
-2.46,-1.691954376862745,-1.0955837841015934,-0.8551419373149245
-2.45,-1.6865818656862746,-1.0929627954714478,-0.8496553283916913
-2.44,-1.681209354509804,-1.0903399407764067,-0.8442220288139757
-2.43,-1.6758368433333333,-1.087715045834032,-0.838841720236851
-2.42,-1.6704643321568626,-1.0850879450023045,-0.8335140848675848
-2.41,-1.6650918209803922,-1.0824584810043318,-0.8282388054656413
-2.39,-1.654346798627451,-1.077191875188202,-0.8178440483625531
-2.38,-1.6489742874509803,-1.0745544590887266,-0.8127239389413123
-2.37,-1.6436017762745099,-1.0719141309219815,-0.8076549220472028
-2.36,-1.638229265098039,-1.069270772668359,-0.8026366832006648
-2.35,-1.6328567539215686,-1.0666242736581537,-0.7976689084743349
-2.34,-1.627484242745098,-1.063974530408378,-0.7927512844930442
-2.33,-1.6221117315686273,-1.0613214464612848,-0.7878834984338199
-2.32,-1.6167392203921567,-1.05866493222458,-0.783065238025884
-2.31,-1.6113667092156863,-1.0560049048133258,-0.778296191550655
-2.3,-1.6059941980392156,-1.0533412878935193,-0.7735760478417455
-2.29,-1.600621686862745,-1.0506740115273518,-0.7689044962849645
-2.28,-1.5952491756862743,-1.048003012020124,-0.7642812268183157
-2.27,-1.589876664509804,-1.0453282317688268,-0.7597059299319991
-2.26,-1.584504153333333,-1.0426496191123715,-0.7551782966684091
-2.25,-1.5791316421568626,-1.0399671281834613,-0.7506980186221365
-2.24,-1.5737591309803922,-1.0372807187621045,-0.7462647879399666
-2.23,-1.5683866198039216,-1.0345903561307517,-0.7418782973208808
-2.22,-1.563014108627451,-1.031896010931062,-0.7375382400160557
-2.21,-1.5576415974509803,-1.0291976590222767,-0.7332443098288632
-2.19,-1.546896575098039,-1.023788863763831,-0.7247936087818414
-2.18,-1.5415240639215686,-1.021078396968449,-0.7206362282897332
-2.17,-1.536151552745098,-1.0183638763004752,-0.7165237556506998
-2.16,-1.5307790415686275,-1.0156453016387745,-0.7124558874290906
-2.15,-1.5254065303921567,-1.0129226772635795,-0.7084323207414498
-2.14,-1.5200340192156863,-1.0101960117259767,-0.7044527532565177
-2.13,-1.5146615080392156,-1.0074653177189454,-0.7005168831952293
-2.12,-1.509288996862745,-1.0047306119499515,-0.6966244093307157
-2.11,-1.5039164856862743,-1.0019919150150796,-0.692775030988303
-2.1,-1.498543974509804,-0.9992492512747068,-0.6889684480455128
-2.09,-1.4931714633333333,-0.9965026487307008,-0.6852043609320622
-2.08,-1.4877989521568626,-0.9937521389051424,-0.6814824706298638
-2.07,-1.482426440980392,-0.9909977567205616,-0.6778024786730252
-2.06,-1.4770539298039216,-0.9882395403816812,-0.67416408714785
-2.05,-1.4716814186274507,-0.9854775312586602,-0.6705669986928369
-2.04,-1.4663089074509803,-0.9827117737718318,-0.6670109164986802
-2.03,-1.4609363962745097,-0.9799423152779244,-0.663495544308269
-2.02,-1.4555638850980392,-0.9771692059577646,-0.6600205864166888
-2.01,-1.4501913739215684,-0.974392498705447,-0.6565857476712196
-1.99,-1.4394463515686273,-0.9688285148923484,-0.6498352497687141
-1.98,-1.4340738403921567,-0.9660413567091164,-0.6465190030672155
-1.97,-1.4287013292156863,-0.9632508371373536,-0.6432417004229041
-1.96,-1.4233288180392156,-0.9604570210260887,-0.6400030494440373
-1.95,-1.417956306862745,-0.9576599753031514,-0.6368027582910682
-1.94,-1.4125837956862743,-0.9548597688744439,-0.6336405356766451
-1.93,-1.4072112845098037,-0.9520564725246264,-0.6305160908656118
-1.92,-1.4018387733333333,-0.9492501588192078,-0.6274291336750075
-1.91,-1.3964662621568626,-0.9464409020080369,-0.6243793744740668
-1.9,-1.391093750980392,-0.9436287779301856,-0.6213665241842199
-1.89,-1.3857212398039214,-0.9408138639202173,-0.6183902942790921
-1.88,-1.380348728627451,-0.9379962387158333,-0.6154503967845044
-1.87,-1.3749762174509803,-0.935175982366889,-0.6125465442784731
-1.86,-1.3696037062745097,-0.9323531761457751,-0.6096784498912099
-1.85,-1.3642311950980393,-0.9295279024591543,-0.606845827305122
-1.84,-1.3588586839215686,-0.9267002447610462,-0.604048390754812
-1.83,-1.353486172745098,-0.9238702874672562,-0.6012858550270779
-1.82,-1.3481136615686276,-0.9210381158711373,-0.598557935460913
-1.81,-1.3427411503921567,-0.9182038160606808,-0.5958643479475063
-1.79,-1.3319961280392156,-0.9125291796336827,-0.5905790354046996
-1.78,-1.326623616862745,-0.9096890184385649,-0.5879867449186547
-1.77,-1.3212511056862746,-0.9068470797153141,-0.5854276555720772
-1.76,-1.3158785945098037,-0.9040034523274215,-0.5829014860171335
-1.75,-1.3105060833333333,-0.9011582254630328,-0.5804079554581849
-1.74,-1.3051335721568627,-0.8983114885611279,-0.5779467836517881
-1.73,-1.299761060980392,-0.8954633312389736,-0.5755176909066952
-1.72,-1.2943885498039216,-0.8926138432208379,-0.5731203980838542
-1.71,-1.2890160386274507,-0.8897631142679592,-0.5707546265964077
-1.7,-1.2836435274509803,-0.886911234109764,-0.5684200984096945
-1.69,-1.2782710162745097,-0.8840582923763285,-0.5661165360412483
-1.68,-1.272898505098039,-0.8812043785320697,-0.5638436625607985
-1.67,-1.2675259939215686,-0.8783495818106672,-0.5616012015902698
-1.66,-1.262153482745098,-0.8754939911512034,-0.5593888773037825
-1.65,-1.2567809715686273,-0.8726376951355141,-0.557206414427652
-1.64,-1.2514084603921567,-0.8697807819267488,-0.5550535382403892
-1.63,-1.246035949215686,-0.8669233392091242,-0.5529299745727008
-1.62,-1.2406634380392156,-0.8640654541288728,-0.5508354498074886
-1.61,-1.2352909268627452,-0.8612072132363713,-0.5487696908798496
-1.59,-1.224545904509804,-0.8554900068978629,-0.5447233810386579
-1.58,-1.2191733933333333,-0.8526312110689367,-0.5427422867562768
-1.57,-1.2138008821568627,-0.8497723985543535,-0.5407888715738124
-1.56,-1.2084283709803922,-0.8469136520980965,-0.5388628651873388
-1.55,-1.2030558598039214,-0.8440550535255309,-0.536963997845126
-1.54,-1.197683348627451,-0.8411966836936181,-0.5350920003476393
-1.53,-1.1923108374509803,-0.8383386224422567,-0.5332466040475391
-1.52,-1.1869383262745097,-0.8354809485467422,-0.5314275408496816
-1.51,-1.1815658150980393,-0.8326237396713387,-0.529634543211118
-1.5,-1.1761933039215686,-0.8297670723239555,-0.5278673441410956
-1.49,-1.170820792745098,-0.8269110218119192,-0.5261256772010564
-1.48,-1.1654482815686273,-0.8240556621988382,-0.5244092765046383
-1.47,-1.1600757703921567,-0.8212010662625501,-0.5227178767176743
-1.46,-1.1547032592156863,-0.8183473054541421,-0.5210512130581931
-1.45,-1.1493307480392156,-0.8154944498580439,-0.5194090212964186
-1.44,-1.143958236862745,-0.8126425681531787,-0.5177910377547703
-1.43,-1.1385857256862744,-0.8097917275751711,-0.516196999307863
-1.42,-1.1332132145098037,-0.8069419938795999,-0.514626643382507
-1.41,-1.1278407033333333,-0.8040934313062911,-0.5130797079577079
-1.4,-1.1224681921568627,-0.8012461025446448,-0.5115559315646667
-1.39,-1.117095680980392,-0.7984000686999868,-0.5100550532867801
-1.38,-1.1117231698039216,-0.7955553892609377,-0.50857681275964
-1.37,-1.106350658627451,-0.792712122067794,-0.5071209501710336
-1.36,-1.1009781474509803,-0.7898703232819128,-0.5056872062609441
-1.35,-1.09560563627451,-0.7870300473560926,-0.5042753223215491
-1.34,-1.090233125098039,-0.7841913470059452,-0.5028850401972228
-1.33,-1.0848606139215686,-0.7813542731822474,-0.5015161022845338
-1.32,-1.079488102745098,-0.7785188750442704,-0.5001682515322468
-1.31,-1.0741155915686273,-0.7756851999340751,-0.49884123144132164
-1.3,-1.068743080392157,-0.7728532933517689,-0.4975347860649135
-1.29,-1.0633705692156863,-0.770023198931716,-0.49624866000837337
-1.28,-1.0579980580392156,-0.7671949584196941,-0.4949825984292472
-1.27,-1.052625546862745,-0.7643686116509902,-0.49373634703727654
-1.26,-1.0472530356862744,-0.7615441965294276,-0.49250965209439845
-1.25,-1.041880524509804,-0.758721749007319,-0.49130226041474534
-1.24,-1.0365080133333333,-0.7559013030663359,-0.490113919364645
-1.23,-1.0311355021568627,-0.7530828906992886,-0.4889443768626207
-1.22,-1.0257629909803923,-0.7502665418928105,-0.4877933813793912
-1.21,-1.0203904798039214,-0.7474522846109363,-0.48666068193787043
-1.2,-1.015017968627451,-0.7446401447795712,-0.485546028113168
-1.19,-1.0096454574509803,-0.7418301462718397,-0.4844491700325888
-1.18,-1.0042729462745097,-0.7390223108943106,-0.4833698583756333
-1.17,-0.9989004350980392,-0.736216658374087,-0.4823078443739971
-1.16,-0.9935279239215685,-0.7334132063467586,-0.48126287981157145
-1.15,-0.988155412745098,-0.7306119703452054,-0.4802347170244431
-1.14,-0.9827829015686274,-0.7278129637892479,-0.47922310890089387
-1.13,-0.9774103903921567,-0.7250161979761339,-0.47822780888140143
-1.12,-0.9720378792156863,-0.7222216820718592,-0.47724857095863854
-1.11,-0.9666653680392157,-0.7194294231033104,-0.4762851496774735
-1.1,-0.9612928568627451,-0.7166394259512248,-0.4753373001349701
-1.09,-0.9559203456862745,-0.7138516933439607,-0.4744047779803874
-1.08,-0.950547834509804,-0.7110662258520696,-0.47348733941517995
-1.07,-0.9451753233333333,-0.7082830218836635,-0.47258474119299787
-1.06,-0.9398028121568627,-0.7055020776805709,-0.4716967406196864
-1.05,-0.9344303009803921,-0.7027233873152732,-0.47082309555328655
-1.04,-0.9290577898039215,-0.6999469426886142,-0.46996356440403436
-1.03,-0.923685278627451,-0.6971727335282781,-0.46911790613436166
-1.02,-0.9183127674509803,-0.6944007473880243,-0.46828588025889545
-1.01,-0.9129402562745098,-0.6916309696476759,-0.46746724684445823
-0.99,-0.9021952339215685,-0.6860979700214419,-0.465869200426938
-0.98,-0.896822722745098,-0.6833347080357992,-0.46508931031847717
-0.97,-0.8914502115686274,-0.6805735742556734,-0.46432185846028956
-0.96,-0.8860777003921568,-0.6778145432168471,-0.4635666076801748
-0.95,-0.8807051892156862,-0.6750575872964865,-0.462823321358128
-0.94,-0.8753326780392157,-0.6723026767181921,-0.46209176342633956
-0.93,-0.869960166862745,-0.669549779557746,-0.46137169836919534
-0.92,-0.8645876556862745,-0.6667988617495435,-0.46066289122327664
-0.91,-0.859215144509804,-0.6640498870937078,-0.45996510757736025
-0.9,-0.8538426333333333,-0.6613028172638762,-0.4592781135724182
-0.89,-0.8484701221568627,-0.658557611815652,-0.4586016759016181
-0.88,-0.843097610980392,-0.6558142281957158,-0.4579355618103229
-0.87,-0.8377250998039215,-0.6530726217515874,-0.4572795390960911
-0.86,-0.832352588627451,-0.6503327457420321,-0.4566333761086764
-0.85,-0.8269800774509803,-0.6475945513481053,-0.4559968417500281
-0.84,-0.8216075662745097,-0.6448579876848237,-0.45536970547429084
-0.83,-0.8162350550980392,-0.6421230018134634,-0.4547517372878047
-0.82,-0.8108625439215685,-0.6393895387544699,-0.45414270774910526
-0.81,-0.805490032745098,-0.6366575415009781,-0.4535423879689233
-0.79,-0.7947450103921568,-0.631197706331804,-0.45236696488801303
-0.78,-0.7893724992156863,-0.6284697443958864,-0.45179140656972355
-0.77,-0.7839999880392157,-0.6257430002561818,-0.45122364797482956
-0.76,-0.778627476862745,-0.6230174069928508,-0.45066346297503906
-0.75,-0.7732549656862745,-0.6202928957522315,-0.45011062599425555
-0.74,-0.7678824545098039,-0.617569395764415,-0.44956491200857784
-0.73,-0.7625099433333333,-0.6148468343613726,-0.4490260965463002
-0.72,-0.7571374321568627,-0.6121251369956245,-0.44849395568791245
-0.71,-0.751764920980392,-0.6094042272594482,-0.44796826606609963
-0.7,-0.7463924098039215,-0.6066840269046123,-0.4474488048657423
-0.69,-0.741019898627451,-0.603964455862635,-0.4469353498239165
-0.68,-0.7356473874509804,-0.6012454322655557,-0.44642767922989357
-0.67,-0.7302748762745097,-0.5985268724672151,-0.4459255719251403
-0.66,-0.7249023650980392,-0.5958086910650353,-0.445428807303319
-0.65,-0.7195298539215687,-0.5930908009222927,-0.4449371653102873
-0.64,-0.714157342745098,-0.5903731131908776,-0.44445042644409827
-0.63,-0.7087848315686274,-0.5876555373345318,-0.4439683717550004
-0.62,-0.7034123203921568,-0.5849379811525586,-0.44349078284543764
-0.61,-0.6980398092156863,-0.5822203508039963,-0.4430174418700493
-0.59,-0.687294786862745,-0.5767844841901699,-0.4420826351013304
-0.58,-0.6819222756862744,-0.5740660522655815,-0.4416207363782556
-0.57,-0.6765497645098039,-0.5713471549072384,-0.44116221972986686
-0.56,-0.6711772533333333,-0.5686276904512138,-0.44070687007178055
-0.55,-0.6658047421568627,-0.5659075557477087,-0.4402544728718086
-0.54,-0.6604322309803922,-0.5631866461882757,-0.4398048141499582
-0.53,-0.6550597198039215,-0.5604648557334486,-0.4393576804784321
-0.52,-0.649687208627451,-0.5577420769407722,-0.43891285898162846
-0.51,-0.6443146974509804,-0.5550182009932243,-0.4384701373361409
-0.5,-0.6389421862745097,-0.5522931177280237,-0.4380293037707582
-0.49,-0.6335696750980392,-0.5495667156658147,-0.4375901470664649
-0.48,-0.6281971639215687,-0.5468388820402246,-0.43715245655644075
-0.47,-0.622824652745098,-0.5441095028277828,-0.436716022126061
-0.46,-0.6174521415686274,-0.5413784627781981,-0.4362806342128963
-0.45,-0.6120796303921568,-0.5386456454449836,-0.43584608380671275
-0.44,-0.6067071192156862,-0.5359109332164256,-0.4354121624494718
-0.43,-0.6013346080392157,-0.533174207346886,-0.4349786622353304
-0.42,-0.595962096862745,-0.5304353479884327,-0.43454537581064084
-0.41,-0.5905895856862744,-0.5276942342227909,-0.434112096373951
-0.39,-0.5798445633333333,-0.522204754639022,-0.43324473401973823
-0.38,-0.5744720521568627,-0.5194561419245348,-0.43281024026028797
-0.37,-0.5690995409803921,-0.5167047810761701,-0.4323749318049826
-0.36,-0.5637270298039215,-0.5139505463139203,-0.431938604613347
-0.35,-0.558354518627451,-0.5111933109854702,-0.43150105519710136
-0.34,-0.5529820074509804,-0.5084329476001896,-0.4310620806201615
-0.33,-0.5476094962745097,-0.5056693278633902,-0.4306214784986384
-0.32,-0.5422369850980392,-0.5029023227108372,-0.4301790470008388
-0.31,-0.5368644739215687,-0.5001318023435106,-0.4297345848472645
-0.3,-0.531491962745098,-0.4973576362626066,-0.42928789131061296
-0.29,-0.5261194515686274,-0.4945796933047746,-0.42883876621577693
-0.28,-0.5207469403921569,-0.4917978416775801,-0.4283870099398447
-0.27,-0.5153744292156863,-0.4890119489951881,-0.4279324234120999
-0.26,-0.5100019180392157,-0.48622188231425867,-0.4274748081140216
-0.25,-0.504629406862745,-0.4834275081700484,-0.4270139660792843
-0.24,-0.4992568956862745,-0.4806286926127099,-0.4265496998937579
-0.23,-0.4938843845098039,-0.4778253012437818,-0.4260818126955077
-0.22,-0.4885118733333333,-0.47501719925286395,-0.42561010817479455
-0.21,-0.4831393621568627,-0.4722042514544677,-0.42513439057407454
-0.2,-0.4777668509803921,-0.469386322325037,-0.4246544646879993
-0.19,-0.47239433980392154,-0.46656327604013076,-0.4241701358634158
-0.18,-0.46702182862745095,-0.4637349765117609,-0.4236812099993665
-0.17,-0.46164931745098037,-0.4609012874258782,-0.4231874935470893
-0.16,-0.4562768062745098,-0.4580620722799988,-0.42268879351001737
-0.15,-0.4509042950980392,-0.4552171944209638,-0.42218491744377956
-0.14,-0.4455317839215686,-0.45236651708282616,-0.4216756734561999
-0.13,-0.44015927274509803,-0.4495099034248554,-0.4211608702072979
-0.12,-0.43478676156862744,-0.44664721656965567,-0.42064031690928866
-0.11,-0.42941425039215686,-0.4437783196413873,-0.42011382332658237
-0.1,-0.4240417392156863,-0.44090307580408666,-0.419581199775785
-0.09,-0.4186692280392157,-0.43802134830007594,-0.41904225712569765
-0.08,-0.41329671686274505,-0.4351330004884565,-0.41849680679731704
-0.07,-0.4079242056862745,-0.43223789588367784,-0.41794466076383524
-0.06,-0.4025516945098039,-0.42933589819417545,-0.41738563155063974
-0.05,-0.3971791833333333,-0.42642687136107027,-0.4168195322353134
-0.04,-0.3918066721568627,-0.4235106795969224,-0.4162461764476345
-0.03,-0.3864341609803921,-0.4205871874245323,-0.4156653783695769
-0.02,-0.38106164980392154,-0.41765625971578174,-0.4150769527353097
-0.01,-0.37568913862745096,-0.4147177617305074,-0.4144807148311976
0.01,-0.3649441162745098,-0.40881751814292483,-0.41326406611987376
0.02,-0.3595716050980392,-0.4058555053502452,-0.41264328864636846
0.03,-0.3541990939215686,-0.40288538797816137,-0.4120139655704307
0.04,-0.34882658274509803,-0.3999070338100371,-0.4113759149394022
0.05,-0.34345407156862745,-0.3969203112507206,-0.4107289553528201
0.06,-0.33808156039215687,-0.39392508936544585,-0.41007290596241697
0.07,-0.3327090492156862,-0.3909212379187104,-0.4094075864721207
0.08,-0.3273365380392157,-0.38790862741312054,-0.4087328171380547
0.09,-0.32196402686274506,-0.38488712912819756,-0.4080484187685378
0.1,-0.31659151568627447,-0.3818566151591377,-0.4073542127240842
0.11,-0.3112190045098039,-0.37881695845551855,-0.4066500209174035
0.12,-0.3058464933333333,-0.37576803285994476,-0.40593566581340074
0.13,-0.3004739821568627,-0.372709713146626,-0.40521097042917653
0.14,-0.29510147098039213,-0.3696418750598794,-0.40447575833402666
0.15,-0.28972895980392155,-0.3665643953525503,-0.40372985364944247
0.16,-0.28435644862745096,-0.3634771518243431,-0.4029730810491108
0.17,-0.2789839374509804,-0.3603800233600555,-0.40220526575891363
0.18,-0.2736114262745098,-0.357272889967709,-0.40142623355692875
0.19,-0.2682389150980392,-0.3541556328165684,-0.400635810773429
0.2,-0.2628664039215686,-0.35102813427504276,-0.39983382429088293
0.21,-0.25749389274509804,-0.34789027794846117,-0.3990201015439543
0.22,-0.25212138156862746,-0.3447419487167158,-0.3981944705195024
0.23,-0.24674887039215684,-0.3415830327717654,-0.397356759756582
0.24,-0.24137635921568626,-0.3384134176549909,-0.39650679834644315
0.25,-0.23600384803921567,-0.3352329922943981,-0.3956444159325313
0.26,-0.2306313368627451,-0.33204164704165806,-0.3947694427104876
0.27,-0.22525882568627448,-0.32883927370897864,-0.3938817094281482
0.28,-0.2198863145098039,-0.32562576560580153,-0.39298104738554507
0.29,-0.21451380333333334,-0.32240101757531486,-0.3920672884349053
0.3,-0.20914129215686275,-0.31916492603077656,-0.39114026498065163
0.31,-0.20376878098039214,-0.31591738899163974,-0.39019980997940207
0.32,-0.19839626980392155,-0.31265830611947437,-0.38924575693997004
0.33,-0.19302375862745097,-0.3093875787536759,-0.38827793992336457
0.34,-0.18765124745098036,-0.3061051099469564,-0.3872961935427899
0.35,-0.1822787362745098,-0.30281080450060827,-0.38630035296364573
0.36,-0.17690622509803922,-0.29950456899953554,-0.3852902539035273
0.37,-0.17153371392156863,-0.29618631184704414,-0.3842657326322251
0.38,-0.16616120274509802,-0.2928559432993846,-0.38322662597172524
0.39,-0.16078869156862743,-0.2895133755000398,-0.3821727712962091
0.41,-0.1500436692156863,-0.2827913003602728,-0.38002017015783074
0.42,-0.14467115803921568,-0.27941162704785577,-0.37892110120430844
0.43,-0.1392986468627451,-0.27601942260643975,-0.3778066392544498
0.44,-0.1339261356862745,-0.2726146091205607,-0.3766766244434133
0.45,-0.1285536245098039,-0.26919711076195785,-0.3755308974585529
0.46,-0.12318111333333331,-0.2657668538218752,-0.37436929953941794
0.47,-0.11780860215686273,-0.26232376674305147,-0.37319167247775326
0.48,-0.11243609098039214,-0.25886778015138956,-0.371997858617499
0.49,-0.10706357980392156,-0.2553988268873002,-0.37078770085479085
0.5,-0.10169106862745098,-0.2519168420367102,-0.36956104263795986
0.51,-0.09631855745098039,-0.2484217629617307,-0.3683177279675325
0.52,-0.0909460462745098,-0.24491352933097646,-0.3670576013962306
0.53,-0.08557353509803922,-0.24139208314952926,-0.36578050802897155
0.54,-0.08020102392156858,-0.23785736878853922,-0.3644862935228681
0.55,-0.074828512745098,-0.2343093330144555,-0.36317480408722835
0.56,-0.06945600156862741,-0.23074792501788008,-0.36184588648355587
0.57,-0.06408349039215688,-0.22717309644203695,-0.36049938802554976
0.58,-0.0587109792156863,-0.22358480141085005,-0.35913515657910433
0.59,-0.053338468039215714,-0.21998299655662212,-0.3577530405623094
0.61,-0.04259344568627449,-0.21273869661337338,-0.35493455125100776
0.62,-0.037220934509803905,-0.20909612757423635,-0.3534978775536578
0.63,-0.03184842333333332,-0.20543990086427744,-0.35204271848027197
0.64,-0.026475912156862735,-0.20176998605841764,-0.35056892520991717
0.65,-0.02110340098039215,-0.19808635539725364,-0.3490763494738558
0.66,-0.015730889803921566,-0.19438898381174388,-0.3475648435555457
0.67,-0.010358378627450981,-0.19067784894743853,-0.34603426029063994
0.68,-0.004985867450980341,-0.18695293118824566,-0.3444844530669873
0.69,0.0003866437254901878,-0.18321421367972704,-0.34291527582463177
0.7,0.005759154901960772,-0.17946168235191565,-0.34132658305581276
0.71,0.011131666078431357,-0.17569532594164847,-0.3397182298049652
0.72,0.01650417725490194,-0.17191513601440694,-0.3380900716687194
0.73,0.021876688431372526,-0.16812110698565766,-0.33644196479590116
0.74,0.02724919960784311,-0.1643132361416867,-0.33477376588753155
0.75,0.03262171078431375,-0.1604915236599198,-0.3330853321968271
0.76,0.037994221960784336,-0.15665597262872194,-0.33137652152919994
0.77,0.04336673313725492,-0.15280658906666822,-0.3296471922422574
0.78,0.048739244313725505,-0.1489433819412796,-0.32789720324580235
0.79,0.05411175549019609,-0.1450663631872156,-0.32612641400183295
0.81,0.06485677784313726,-0.13727095347269586,-0.32252187538032157
0.82,0.07022928901960779,-0.1333526013732494,-0.32068784768775316
0.83,0.07560180019607843,-0.1294205153996184,-0.3188324631176177
0.84,0.08097431137254901,-0.12547472257555548,-0.3169555838928905
0.85,0.0863468225490196,-0.1215152529893116,-0.31505707278874245
0.86,0.09171933372549018,-0.11754213980782957,-0.3131367931325397
0.87,0.09709184490196077,-0.11355541929033697,-0.31119460880384386
0.88,0.10246435607843135,-0.10955513080133134,-0.309230384234412
0.89,0.10783686725490194,-0.10554131682295198,-0.30724398440819656
0.9,0.11320937843137258,-0.10151402296672851,-0.30523527486134544
0.91,0.11858188960784316,-0.09747329798470161,-0.30320412168220195
0.92,0.12395440078431375,-0.09341919377990698,-0.3011503915113048
0.93,0.12932691196078433,-0.08935176541621642,-0.29907395154138816
0.94,0.13469942313725491,-0.08527107112752802,-0.2969746695173816
0.95,0.14007193431372544,-0.08117717232629884,-0.2948524137364101
0.96,0.14544444549019608,-0.07707013361141268,-0.29270705304779404
0.97,0.1508169566666666,-0.07295002277537532,-0.2905384568530493
0.98,0.15618946784313725,-0.06881691081083158,-0.28834649510588706
0.99,0.16156197901960778,-0.06467087191639376,-0.2861310383122141
1.01,0.17230700137254906,-0.056340326192245715,-0.2816291243699396
1.02,0.1776795125490196,-0.052155983832315955,-0.2793424109941285
1.03,0.18305202372549023,-0.047959043488792985,-0.2770316901173876
1.04,0.18842453490196076,-0.04374959545304746,-0.27469683500660047
1.05,0.1937970460784314,-0.039527733242578134,-0.27233771948084656
1.06,0.19916955725490193,-0.03529355360183456,-0.2699542179114003
1.07,0.20454206843137257,-0.031047156502296336,-0.26754620522173184
1.08,0.2099145796078432,-0.02678864514180057,-0.26511355688750654
1.09,0.21528709078431374,-0.02251812594311109,-0.2626561489365854
1.1,0.22065960196078438,-0.018235708551721908,-0.2601738579490246
1.11,0.2260321131372549,-0.013941505832889,-0.25766656105707586
1.12,0.23140462431372555,-0.009635633867879911,-0.2551341359451865
1.13,0.23677713549019597,-0.005318211949438045,-0.25257646084999896
1.14,0.2421496466666666,-0.000989362576452102,-0.24999341456035118
1.15,0.24752215784313725,0.0033507885521768532,-0.24738487641727663
1.16,0.2528946690196078,0.0077021125444760585,-0.24475072631400416
1.17,0.2582671801960784,0.012064477323158018,-0.2420908446959579
1.18,0.26363969137254895,0.016437747634200972,-0.2394051125607576
1.19,0.2690122025490196,0.0208217850562597,-0.23669341145821846
1.2,0.2743847137254901,0.025216448010912773,-0.2339556234903508
1.21,0.27975722490196075,0.029621591773756673,-0.23119163131136064
1.22,0.2851297360784314,0.03403706848634919,-0.2284013181276493
1.23,0.2905022472549019,0.03846272716901444,-0.2255845676978136
1.24,0.29587475843137256,0.04289841373451275,-0.22274126433264568
1.25,0.3012472696078431,0.047343971002584084,-0.21987129289513319
1.26,0.30661978078431373,0.051799238715372786,-0.2169745388004592
1.27,0.31199229196078426,0.05626405355373992,-0.21405088801600206
1.28,0.3173648031372549,0.06073824915447035,-0.21110022706133572
1.29,0.32273731431372554,0.06522165612838315,-0.20812244300822946
1.3,0.32810982549019607,0.06971410207935008,-0.20511742348064801
1.31,0.3334823366666667,0.07421541162423173,-0.20208505665475152
1.32,0.33885484784313724,0.07872540641373726,-0.1990252312588955
1.33,0.3442273590196079,0.08324390515421498,-0.195937836573631
1.34,0.3495998701960784,0.08777072363038141,-0.19282276243170438
1.35,0.35497238137254905,0.09230567472899631,-0.18967989921805745
1.36,0.3603448925490197,0.09684856846348866,-0.18650913786982745
1.37,0.3657174037254902,0.10139921199954438,-0.1833103698763471
1.38,0.37108991490196075,0.10595740968166023,-0.18008348727914447
1.39,0.3764624260784313,0.11052296306067122,-0.176828382671943
1.4,0.3818349372549019,0.11509567092226125,-0.17354494920066169
1.41,0.38720744843137245,0.11967532931646041,-0.1702330805634148
1.42,0.3925799596078431,0.12426173158813902,-0.1668926710105122
1.43,0.3979524707843136,0.12885466840850468,-0.16352361534445897
1.44,0.40332498196078426,0.1334539278076099,-0.16012580891995587
1.45,0.4086974931372549,0.1380592952078754,-0.1566991476438988
1.46,0.4140700043137254,0.14267055345863988,-0.15324352797537927
1.47,0.41944251549019607,0.1472874828717411,-0.14975884692568409
1.48,0.4248150266666666,0.15190986125813466,-0.14624500205829566
1.49,0.43018753784313724,0.15653746396556045,-0.14270189148889162
1.5,0.4355600490196079,0.16117006391726196,-0.13912941388534505
1.51,0.4409325601960784,0.1658074316517656,-0.13552746846772462
1.52,0.44630507137254904,0.17044933536372842,-0.13189595500829426
1.53,0.4516775825490196,0.17509554094586066,-0.12823477383151344
1.54,0.4570500937254902,0.1797458120319292,-0.12454382581403678
1.55,0.46242260490196074,0.18439991004085332,-0.12082301238471471
1.56,0.4677951160784314,0.1890575942218926,-0.11707223552459278
1.57,0.473167627254902,0.19371862170094234,-0.11329139776691216
1.58,0.47854013843137255,0.19838274752793805,-0.10948040219710925
1.59,0.4839126496078432,0.2030497247253784,-0.10563915245281608
1.61,0.49465767196078436,0.21239123548342365,-0.09786550775226355
1.62,0.5000301831372549,0.2170652654043438,-0.09393292283224514
1.63,0.5054026943137254,0.22174113952132601,-0.08996970381021846
1.64,0.510775205490196,0.22641860148716408,-0.08597575708479227
1.65,0.5161477166666666,0.23109739324223344,-0.08195098960677111
1.66,0.5215202278431372,0.23577725507104363,-0.07789530887915486
1.67,0.5268927390196078,0.24045792565996338,-0.07380862295713891
1.68,0.5322652501960784,0.24513914215613164,-0.0696908404481138
1.69,0.5376377613725489,0.24982064022755435,-0.06554187051166571
1.7,0.5430102725490196,0.25450215412440325,-0.06136162285957636
1.71,0.5483827837254901,0.2591834167415147,-0.05715000775582241
1.72,0.5537552949019607,0.2638641596821034,-0.05290693601657653
1.73,0.5591278060784314,0.26854411332269335,-0.048632319010206426
1.74,0.5645003172549019,0.27322300687927403,-0.044326068657275286
1.75,0.5698728284313725,0.27790056847469136,-0.03998809743054188
1.76,0.5752453396078431,0.28257652520727894,-0.0356183183549601
1.77,0.5806178507843137,0.2872506032207348,-0.031216645007679678
1.78,0.5859903619607842,0.2919225277752555,-0.026782991518045363
1.79,0.5913628731372549,0.29659202331993006,-0.02231727256759758
1.81,0.602107895490196,0.30592262156382344,-0.013289299771399976
1.82,0.6074804066666667,0.3105831697750495,-0.008726878049707842
1.83,0.6128529178431372,0.3152401801541831,-0.004132055115317834
1.84,0.6182254290196079,0.3198933742253711,0.000495251589252621
1.85,0.6235979401960784,0.3245424731629265,0.005155124069290806
1.86,0.628970451372549,0.3291871978727565,0.009847643777888326
1.87,0.6343429625490196,0.3338272690751136,0.014572891615941441
1.88,0.6397154737254902,0.33846240738866895,0.01933094793215101
1.89,0.6450879849019606,0.3430923334159246,0.024121892523022714
1.9,0.6504604960784313,0.3477167678299633,0.02894580463286639
1.91,0.6558330072549019,0.35233543146254687,0.03380276295379664
1.92,0.6612055184313725,0.3569480453935715,0.038692845625732664
1.93,0.666578029607843,0.36155433104188506,0.04361613023639832
1.94,0.6719505407843136,0.3661540102574734,0.0485726938213219
1.95,0.6773230519607842,0.37074680541502447,0.053562612863836345
1.96,0.6826955631372549,0.37533243950887696,0.05858596329507909
1.97,0.6880680743137255,0.3799106362493593,0.06364282049399245
1.98,0.6934405854901959,0.38448112016052804,0.06873325928732282
1.99,0.6988130966666666,0.389043616679312,0.07385735394962151
2.01,0.7095581190196076,0.3981435544565629,0.08420680521835189
2.02,0.7149306301960785,0.40268045206536884,0.08943230761290916
2.03,0.7203031413725489,0.40720827519071057,0.09469175745268515
2.04,0.7256756525490196,0.411726755370744,0.09998522625125489
2.05,0.73104816372549,0.41623562568128347,0.10531278496999624
2.06,0.7364206749019608,0.420734620844991,0.11067450401809314
2.07,0.7417931860784313,0.42522347734202326,0.11607045325253301
2.08,0.7471656972549019,0.42970193352215247,0.12150070197810875
2.09,0.7525382084313725,0.43416972971836343,0.12696531894741697
2.1,0.7579107196078432,0.438626608361936,0.13246437236085956
2.11,0.7632832307843136,0.4430723140990196,0.13799792986664255
2.12,0.7686557419607842,0.44750659390870706,0.14356605856077703
2.13,0.7740282531372549,0.4519291972226147,0.14916882498707779
2.14,0.7794007643137255,0.4563398760459766,0.1548062951371652
2.15,0.7847732754901959,0.46073838508025944,0.16047853445046373
2.16,0.7901457866666668,0.46512448184730504,0.16618560781420239
2.17,0.7955182978431372,0.4694979268150087,0.17192757956341492
2.18,0.8008908090196079,0.4738584835245404,0.17770451348093957
2.19,0.8062633201960783,0.4782059187191139,0.18351647279741895
2.21,0.8170083425490196,0.4868605083299934,0.19524571778883676
2.22,0.8223808537254902,0.4911672134237218,0.20116312716408352
2.23,0.8277533649019608,0.49545989862584006,0.20711580933890245
2.24,0.8331258760784315,0.49973834867608113,0.21310382478295914
2.25,0.8384983872549019,0.5040023523217882,0.2191272334137237
2.26,0.8438708984313723,0.5082517024577367,0.22518609459647115
2.27,0.8492434096078432,0.5124861962675588,0.23128046714428113
2.28,0.8546159207843136,0.5167056353667847,0.2374104093180373
2.29,0.8599884319607842,0.5209098259475055,0.24357597882642884
2.3,0.8653609431372549,0.5250985789246637,0.2497772328259485
2.31,0.8707334543137255,0.5292717100839813,0.2560142279208942
2.32,0.8761059654901959,0.5334290402315285,0.2622870201633682
2.33,0.8814784766666666,0.5375703953449465,0.26859566505327764
2.34,0.8868509878431372,0.5416956067263234,0.2749402175383336
2.35,0.8922234990196078,0.5458045111567391,0.2813207320140529
2.36,0.8975960101960783,0.5498969510524784,0.28773726232375546
2.37,0.9029685213725491,0.5539727746229267,0.29418986175856715
2.38,0.9083410325490195,0.5580318360301493,0.3006785830574173
2.39,0.9137135437254902,0.5620739955501644,0.3072034784070408
2.41,0.9244585660784315,0.570107081581974,0.3203619972445672
2.42,0.9298310772549019,0.5740977606908929,0.32699572234496205
2.43,0.9352035884313725,0.5780710434413707,0.33366582472111356
2.44,0.9405760996078432,0.5820268231580792,0.3403723537987788
2.45,0.9459486107843138,0.5859650002832534,0.3471153584515199
2.46,0.9513211219607842,0.5898854825500208,0.353894887000703
2.47,0.9566936331372549,0.5937881851574833,0.3607109872154995
2.48,0.9620661443137255,0.5976730309475551,0.36756370631288476
2.49,0.9674386554901961,0.6015399505835679,0.3744530909576393
2.5,0.9728111666666666,0.6053888827306473,0.3813791872623475
2.51,0.978183677843137,0.6092197742378718,0.3883420407873988
2.52,0.9835561890196078,0.6130325803222141,0.39534169654098766
2.53,0.9889287001960783,0.6168272647542807,0.4023781989791119
2.54,0.9943012113725489,0.6206038000458522,0.4094515920055752
2.55,0.9996737225490195,0.6243621676392288,0.41656191897198475
2.56,1.0050462337254902,0.6281023580983986,0.4237092226777532
2.57,1.0104187449019606,0.6318243713020193,0.4308935453700969
2.58,1.0157912560784315,0.6355282166382401,0.43811492874403796
2.59,1.0211637672549019,0.6392139132013537,0.44537341394240165
2.6,1.0265362784313725,0.642881489990295,0.45266904155581916
2.61,1.031908789607843,0.6465309861089943,0.46000185162272506
2.62,1.0372813007843138,0.6501624509685839,0.46737188362935983
2.63,1.0426538119607842,0.6537759444914772,0.4747791765097668
2.64,1.0480263231372549,0.6573715373173161,0.482223768645796
2.65,1.0533988343137255,0.6609493110107998,0.4897056978671
2.66,1.0587713454901961,0.664509358271405,0.4972250014511374
2.67,1.0641438566666666,0.6680517831449959,0.5047817161231702
2.68,1.0695163678431372,0.671576701237341,0.5123758780562664
2.69,1.0748888790196078,0.675084239929534,0.520007522871297
2.7,1.0802613901960785,0.6785745385953377,0.527676685636939
2.71,1.085633901372549,0.6820477488204433,0.535383400869673
2.72,1.0910064125490198,0.6855040346236707,0.5431277025337848
2.73,1.0963789237254902,0.6889435726800965,0.5509096240413638
2.74,1.1017514349019608,0.6923665525461353,0.5587291982523059
2.75,1.1071239460784312,0.69577317688657,0.5665864574743094
2.76,1.1124964572549019,0.6991636617035404,0.5744814334628783
2.77,1.1178689684313725,0.7025382365675015,0.5824141574213213
2.78,1.123241479607843,0.7058971448501561,0.590384660000751
2.79,1.1286139907843138,0.7092406439593635,0.5983929713000857
2.81,1.1393590131372549,0.7158825158930742,0.6145231376931612
2.82,1.1447315243137253,0.7191814758561845,0.6226450502237604
2.83,1.1501040354901961,0.722466201406871,0.6308048863479807
2.84,1.1554765466666665,0.72573702372732,0.6390026734037613
2.85,1.1608490578431372,0.72899428948736,0.6472384381768486
2.86,1.1662215690196076,0.7322383610934433,0.6555122069007913
2.87,1.1715940801960785,0.7354696169396682,0.6638240052569446
2.88,1.1769665913725489,0.7386884516608441,0.6721738583744663
2.89,1.1823391025490195,0.7418952763876143,0.6805617908303201
2.9,1.1877116137254902,0.7450905190036352,0.6889878266492739
2.91,1.1930841249019608,0.7482746244048244,0.6974519893039011
2.92,1.1984566360784312,0.7514480547606843,0.7059543017145771
2.93,1.203829147254902,0.7546112897777071,0.7144947862494853
2.94,1.2092016584313725,0.7577648269648676,0.7230734647246109
2.95,1.2145741696078431,0.7609091819012148,0.7316903584037453
2.96,1.2199466807843136,0.7640448885055642,0.740345487998483
2.97,1.2253191919607844,0.7671724993083047,0.7490388736682254
2.98,1.2306917031372548,0.7702925857253184,0.7577705350201758
2.99,1.2360642143137255,0.7734057383340296,0.7665404911093445
3.01,1.2468092366666665,0.779613701915169,0.784195360958394
3.02,1.2521817478431372,0.7827097923644779,0.7930803100673167
3.03,1.2575542590196076,0.7858015085263304,0.8020036246115392
3.04,1.2629267701960785,0.788889541001454,0.8109653208850942
3.05,1.2682992813725489,0.7919746012534328,0.8199654146298179
3.06,1.2736717925490195,0.7950574218998305,0.8290039210353519
3.07,1.27904430372549,0.7981387570055012,0.8380808547391416
3.08,1.2844168149019608,0.8012193823780813,0.8471962298264375
3.09,1.2897893260784312,0.8043000958656885,0.8563500598302951
3.1,1.2951618372549019,0.8073817176568159,0.8655423577315731
3.11,1.3005343484313725,0.8104650905824444,0.8747731359589357
3.12,1.3059068596078431,0.8135510804203689,0.8840424063888526
3.13,1.3112793707843136,0.816640576201755,0.8933501803455954
3.14,1.3166518819607844,0.8197344905199229,0.9026964686012438
3.15,1.3220243931372548,0.8228337598413749,0.9120812813756787
3.16,1.3273969043137255,0.8259393448190724,0.9215046283365882
3.17,1.332769415490196,0.829052230607962,0.9309665185994629
3.18,1.3381419266666668,0.8321734271827699,0.9404669607275999
3.19,1.3435144378431372,0.8353039696580566,0.9500059627320994
3.2,1.3488869490196078,0.8384449186105585,0.9595835320718671
3.21,1.3542594601960782,0.8415973604038007,0.9691996756536119
3.22,1.359631971372549,0.8447624075150149,0.9788543998318497
3.23,1.3650044825490195,0.8479411988643375,0.9885477104088987
3.24,1.3703769937254902,0.8511349001463304,0.9982796126348827
3.25,1.3757495049019608,0.8543447041638008,1.00805011120773
3.26,1.3811220160784312,0.8575718311639458,1.0178592102731732
3.27,1.3864945272549019,0.8608175291768221,1.0277069134247505
3.28,1.3918670384313723,0.8640830743561534,1.0375932237038024
3.29,1.3972395496078431,0.8673697713224704,1.047518143599477
3.3,1.4026120607843136,0.8706789535086075,1.0574816750487241
3.31,1.4079845719607842,0.8740119835075477,1.0674838194363
3.32,1.4133570831372548,0.8773702534226371,1.0775245775947653
3.33,1.4187295943137255,0.8807551852201616,1.0876039498044845
3.34,1.424102105490196,0.8841682310843069,1.0977219357936265
3.35,1.4294746166666665,0.8876108737744963,1.1078785347381663
3.36,1.4348471278431372,0.8910846269851278,1.1180737452618816
3.37,1.4402196390196078,0.8945910357076996,1.1283075654363568
3.38,1.4455921501960782,0.8981316765953502,1.1385799927809785
3.39,1.450964661372549,0.9017081583298072,1.1488910242629395
3.41,1.4617096837254901,0.9089752414276311,1.1696288847466707
3.42,1.4670821949019606,0.91266922363386,1.1800557049218485
3.43,1.4724547060784314,0.9164058091235239,1.1905211115811813
3.44,1.4778272172549018,0.9201867723104797,1.201025098930883
3.45,1.4831997284313725,0.9240139218899444,1.2115676606249746
3.46,1.4885722396078431,0.9278891012225274,1.2221487897652794
3.47,1.4939447507843138,0.9318141887207454,1.2327684789014273
3.48,1.4993172619607842,0.9357910982380118,1.243426720030851
3.49,1.504689773137255,0.9398217794601043,1.25412350459879
3.5,1.5100622843137255,0.9439082182991356,1.2648588234982847
3.51,1.5154347954901959,0.9480524372900134,1.2756326670701845
3.52,1.5208073066666665,0.9522564959894118,1.2864450251031405
3.53,1.5261798178431372,0.9565224913772559,1.2972958868336089
3.54,1.5315523290196078,0.9608525582607257,1.308185240945851
3.55,1.5369248401960782,0.9652488696807886,1.3191130755719322
3.56,1.5422973513725489,0.9697136373212665,1.3300793782917233
3.57,1.5476698625490195,0.9742491119204444,1.341084136132898
3.58,1.5530423737254901,0.9788575836852333,1.3521273355709367
3.59,1.5584148849019606,0.9835413827078825,1.3632089625291222
3.6,1.5637873960784314,0.9883028793852597,1.3743290023785448
3.61,1.5691599072549018,0.9931444848407045,1.385487439938095
3.62,1.5745324184313725,0.9980686513484545,1.3966842594744733
3.63,1.579904929607843,1.003077872760662,1.4079194447021792
3.64,1.5852774407843138,1.008174684936998,1.4191929787835214
3.65,1.5906499519607842,1.0133616661768634,1.4305048443286104
3.66,1.5960224631372548,1.0186414376542001,1.4418550233953629
3.67,1.6013949743137255,1.0240166638549164,1.4532434974894979
3.68,1.606767485490196,1.0294900530169466,1.4646702475645426
3.69,1.6121399966666665,1.0350643575729153,1.4761352540218255
3.7,1.6175125078431372,1.040742374595465,1.487638496710481
3.71,1.6228850190196078,1.0465269462452003,1.4991799549274483
3.72,1.6282575301960784,1.0524209602213066,1.5107596074174705
3.73,1.633630041372549,1.058427350214806,1.5223774323730954
3.74,1.6390025525490195,1.0645490963644908,1.5340334074346766
3.75,1.64437506372549,1.070789225715522,1.5457275096903698
3.76,1.6497475749019608,1.0771508126807117,1.5574597156761376
3.77,1.6551200860784312,1.0836369795044858,1.5692300013757472
3.78,1.6604925972549016,1.0902508967295452,1.581038342220768
3.79,1.6658651084313725,1.0969957836662272,1.5928847130905763
3.81,1.6766101307843138,1.1108915905890844,1.6166914416610798
3.82,1.6819826419607842,1.11804919729629,1.6286517463595482
3.83,1.687355153137255,1.1253511481149174,1.6406499750783528
3.84,1.6927276643137255,1.1328009133288897,1.65268609993589
3.85,1.6981001754901959,1.1404020148630372,1.6647600924983645
3.86,1.7034726866666663,1.1481580267715623,1.676871923779783
3.87,1.7088451978431372,1.1560725757292627,1.6890215642419573
3.88,1.7142177090196076,1.1641493415255144,1.7012089837945041
3.89,1.7195902201960784,1.1723920575610423,1.7134341517948457
3.9,1.7249627313725489,1.1808045113474481,1.7256970370482068
3.91,1.7303352425490197,1.1893905450095485,1.7379976078076191
3.92,1.7357077537254901,1.1981540557904888,1.750335831773916
3.93,1.741080264901961,1.2070989965596706,1.762711676095739
3.94,1.7464527760784314,1.2162293763234762,1.7751251073695304
3.95,1.7518252872549018,1.2255492607388234,1.7875760916395402
3.96,1.7571977984313722,1.235062772629525,1.8000645943978217
3.97,1.762570309607843,1.244774092505497,1.8125905805842317
3.98,1.7679428207843135,1.2546874590847903,1.825154014586434
3.99,1.7733153319607844,1.2648071698184697,1.8377548602398959
4.01,1.7840603543137252,1.2856831103875914,1.863068639081486
4.02,1.7894328654901956,1.296448233554142,1.8757814971795714
4.03,1.7948053766666665,1.3074374886070823,1.8885316167488322
4.04,1.8001778878431374,1.3186554746358272,1.9013189588637542
4.05,1.8055503990196078,1.3301068526722313,1.9141434840466334
4.06,1.8109229101960782,1.3417963462355766,1.9270051522675693
4.07,1.816295421372549,1.3537287418804687,1.9399039229444675
4.08,1.8216679325490195,1.3659088897476372,1.9528397549430327
4.09,1.82704044372549,1.378341704117664,1.9658126065767798
4.1,1.8324129549019603,1.3910321639676222,1.9788224356070254
4.11,1.8377854660784316,1.403985313530648,1.9918691992428939
4.12,1.843157977254902,1.417206262858455,2.0049528541413077
4.13,1.8485304884313725,1.4307001883867982,2.018073356407002
4.14,1.8539029996078429,1.4444723335038707,2.0312306615925095
4.15,1.8592755107843137,1.4585280091216868,2.044424724698174
4.16,1.8646480219607842,1.4728725942504042,2.057655500172137
4.17,1.8700205331372546,1.4875115365756468,2.070922941910349
4.18,1.8753930443137254,1.5024503530387836,2.084227003256565
4.19,1.8807655554901963,1.5176946304202217,2.097567637002345
4.21,1.8915105778431371,1.54912226777539,2.124358430097845
4.22,1.8968830890196076,1.5653171557965642,2.137808492269707
4.23,1.9022556001960784,1.581840562018514,2.1512949324854134
4.24,1.9076281113725488,1.5986984312710617,2.1648177007755423
4.25,1.9130006225490197,1.6158967817858962,2.178376746618482
4.26,1.9183731337254901,1.6334417058009625,2.191972018940422
4.27,1.9237456449019605,1.651339370167904,2.2056034661153587
4.28,1.9291181560784314,1.6695960169625716,2.2192710359650922
4.29,1.9344906672549018,1.6882179640985586,2.2329746757592264
4.3,1.9398631784313722,1.7072116059438471,2.24671433221517
4.31,1.9452356896078427,1.726583413940498,2.2604899514981365
4.32,1.950608200784314,1.7463399372274293,2.2743014792211453
4.33,1.9559807119607844,1.766487803266287,2.288148860445018
4.34,1.9613532231372548,1.7870337184704153,2.302032039678382
4.35,1.9667257343137252,1.8079844688369238,2.315950960877669
4.36,1.972098245490196,1.8293469205818629,2.329905567447118
4.37,1.9774707566666665,1.8511280207785226,2.3438958022387673
4.38,1.982843267843137,1.873334797998862,2.3579216075524627
4.39,1.9882157790196078,1.8959743629580559,2.371982925135855
4.41,1.998960801372549,1.9425807135591038,2.4002118613413566
4.42,2.0043333125490195,1.966562137192379,2.4143793606977884
4.43,2.00970582372549,1.9910056258585018,2.4285821337925633
4.44,2.0150783349019608,2.0159187107671825,2.442820119612356
4.45,2.020450846078431,2.0413090092048467,2.4570932565916426
4.46,2.025823357254902,2.0671842252013275,2.4714014826127073
4.47,2.0311958684313725,2.0935521501997294,2.4857447350056345
4.48,2.0365683796078433,2.1204206637295018,2.5001229505483185
4.49,2.0419408907843137,2.1477977340826864,2.514536065466453
4.5,2.047313401960784,2.1756914189934378,2.5289840154335392
4.51,2.0526859131372546,2.204109866320695,2.5434667355708833
4.52,2.058058424313725,2.2330613147341123,2.557984160447594
4.53,2.0634309354901963,2.2625540944032356,2.572536224080587
4.54,2.0688034466666667,2.292596627689873,2.5871228599345795
4.55,2.074175957843137,2.3231974298437703,2.6017440009220953
4.56,2.0795484690196075,2.3543651097014893,2.6163995794034633
4.57,2.0849209801960784,2.3861083703885853,2.631089527186818
4.58,2.090293491372549,2.4184360100250246,2.645813775528092
4.59,2.0956660025490192,2.451356922433905,2.6605722551310302
4.61,2.106411024901961,2.5190146236522346,2.6901916281758886
4.62,2.1117835360784314,2.5537696850478695,2.7050523802643154
4.63,2.117156047254902,2.5891545658287827,2.719947080907418
4.64,2.1225285584313722,2.6251786490794644,2.7348756580479616
4.65,2.127901069607843,2.6618514179089727,2.749838039076518
4.66,2.1332735807843135,2.699182456182762,2.7648341508314584
4.67,2.1386460919607844,2.7371814492578745,2.779863919598961
4.68,2.144018603137255,2.7758581847214447,2.7949272711130098
4.69,2.1493911143137256,2.8152225531325614,2.8100241305553944
4.7,2.154763625490196,2.855284548767487,2.8251544225557037
4.71,2.1601361366666665,2.8960542703682353,2.840318071191336
4.72,2.165508647843137,2.9375419218945242,2.8555149999874914
4.73,2.1708811590196078,2.9797578132791016,2.870745131917179
4.74,2.1762536701960786,3.022712361186444,2.886008389401206
4.75,2.181626181372549,3.0664160897748745,2.901304694308188
4.76,2.1869986925490195,3.110879631462051,2.9166339679545468
4.77,2.19237120372549,3.1561137276938687,2.9319961311045044
4.78,2.1977437149019607,3.202129229716793,2.9473911039700917
4.79,2.203116226078431,3.248937099353564,2.96281880621114
4.81,2.2138612484313724,3.34497434631956,2.993772074697978
4.82,2.2192337596078433,3.394226207205423,3.0092974775024595
4.83,2.2246062707843137,3.444315404393921,3.0248552827997814
4.84,2.229978781960784,3.4952534643455384,3.0404454074888
4.85,2.2353512931372546,3.5470520288236886,3.0560677679161783
4.86,2.2407238043137254,3.5997228556945964,3.071722279876381
4.87,2.246096315490196,3.653277819730642,3.0874088586116777
4.88,2.2514688266666667,3.7077289134172298,3.103127418812141
4.89,2.256841337843137,3.763088247763086,3.118877874615654
4.9,2.262213849019608,3.8193680531141116,3.1346601396079006
4.91,2.2675863601960784,3.876580679970702,3.150474126822364
4.92,2.272958871372549,3.9347385998086044,3.1663197487403414
4.93,2.2783313825490192,3.993854405903288,3.1821969172909297
4.94,2.28370389372549,4.053940814157841,3.1981055438510317
4.95,2.289076404901961,4.115010663934392,3.214045539245352
4.96,2.2944489160784314,4.177076918889105,3.230016813746403
4.97,2.299821427254902,4.240152667810682,3.2460192770744998
4.98,2.3051939384313727,4.304251125462464,3.262052838397765
4.99,2.310566449607843,4.369385633428047,3.278117406332121
5.01,2.321311471960784,4.502816805835268,3.310339193736831
5.02,2.3266839831372543,4.571140795206302,3.326496227678058
5.03,2.3320564943137256,4.640555486466289,3.342683897172125
5.04,2.337429005490196,4.711074868110062,3.358902108073975
5.05,2.3428015166666665,4.782713060601859,3.3751507656863637
5.06,2.348174027843137,4.855484317246068,3.391429774759847
5.07,2.3535465390196078,4.929403025061664,3.4077390394927876
5.08,2.358919050196078,5.004483705660215,3.4240784635313517
5.09,2.364291561372549,5.080741016127611,3.440447949969508
5.1,2.3696640725490195,5.158189749909347,3.456847401349034
5.11,2.3750365837254903,5.236844837699508,3.47327671965951
5.12,2.3804090949019607,5.316721348333356,3.4897358063383197
5.13,2.385781606078431,5.3978344896836905,3.50622456227065
5.14,2.3911541172549016,5.480199609560751,3.522742887789497
5.15,2.3965266284313724,5.563832196615897,3.5392906826756616
5.16,2.4018991396078433,5.648747881248887,3.5558678461577413
5.17,2.4072716507843137,5.7349624365189555,3.5724742769121454
5.18,2.412644161960784,5.822491779059501,3.5891098730630873
5.19,2.418016673137255,5.911351969996522,3.6057745321825827
5.2,2.4233891843137254,6.00155921587074,3.6224681512904517
5.21,2.428761695490196,6.093129869563501,3.6391906268543215
5.22,2.4341342066666662,6.186080431226342,3.6559418547896216
5.23,2.4395067178431376,6.280427549214341,3.672721730459589
5.24,2.444879229019608,6.37618802102315,3.689530148675261
5.25,2.4502517401960784,6.473378794229877,3.7063670036954806
5.26,2.455624251372549,6.572016967437625,3.7232321892268985
5.27,2.4609967625490192,6.672119791223858,3.740125598423968
5.28,2.46636927372549,6.773704669092526,3.757047123888948
5.29,2.4717417849019605,6.876789158429913,3.773996657671897
5.3,2.4771142960784314,6.981390971464418,3.790974091270683
5.31,2.482486807254902,7.0875279762299375,3.8079793156309796
5.32,2.4878593184313726,7.195218197533229,3.825012221146265
5.33,2.493231829607843,7.304479817924905,3.8420726976578132
5.34,2.4986043407843135,7.415331178674448,3.859160634454714
5.35,2.503976851960784,7.527790780748836,3.876275920273855
5.36,2.5093493631372548,7.641877285795191,3.893418443299936
5.37,2.5147218743137256,7.757609517127067,3.9105880911654474
5.38,2.520094385490196,7.875006460714799,3.9277847509507
5.39,2.5254668966666665,7.994087266179513,3.945008309183799
5.4,2.5308394078431373,8.114871247791125,3.9622586518406573
5.41,2.5362119190196077,8.237377885470096,3.9795356643449926
5.42,2.541584430196078,8.361626825793174,3.996839231568326
5.43,2.5469569413725486,8.48763788300295,4.014169237829985
5.44,2.55232945254902,8.615431040021289,4.031525566897101
5.45,2.5577019637254903,8.745026449466685,4.048908101984608
5.46,2.5630744749019607,8.876444434675536,4.066316725755246
5.47,2.568446986078431,9.009705490727283,4.083751320319563
5.48,2.573819497254902,9.144830285473493,4.101211767235906
5.49,2.5791920084313724,9.281839660570839,4.118697947510429
5.5,2.584564519607843,9.420754632518051,4.1362097415970895
5.51,2.5899370307843133,9.561596393696782,4.153747029397654
5.52,2.595309541960784,9.704386313416423,4.171309690261686
5.53,2.600682053137255,9.84914593896285,4.188897602986562
5.54,2.6060545643137254,9.995896996651139,4.206510645817455
5.55,2.611427075490196,10.144661392882293,4.22414869644735
5.56,2.6167995866666662,10.295461215203908,4.241811632017029
5.57,2.622172097843137,10.448318733374755,4.259499329115088
5.58,2.627544609019608,10.603256400433475,4.277211663777916
5.59,2.6329171201960784,10.760296853771173,4.294948511489715
5.6,2.638289631372549,10.91946291620809,4.312709747182493
5.61,2.6436621425490197,11.080777597074194,4.3304952452360554
5.62,2.64903465372549,11.244264093293836,4.348304879478014
5.63,2.6544071649019605,11.409945790474488,4.36613852318379
5.64,2.659779676078431,11.577846263999406,4.383996049076607
5.65,2.665152187254902,11.747989280124395,4.401877329327488
5.66,2.6705246984313726,11.920398797078587,4.419782235555268
5.67,2.675897209607843,12.095098966169317,4.437710638826583
5.68,2.6812697207843135,12.272114132891039,4.455662409655871
5.69,2.6866422319607843,12.451468838038288,4.473637418005384
5.7,2.6920147431372548,12.63318781882266,4.491635533285167
5.71,2.697387254313725,12.817296009994088,4.509656624353075
5.72,2.7027597654901956,13.003818544965958,4.527700559514768
5.73,2.708132276666667,13.192780756944464,4.545767206523711
5.74,2.7135047878431373,13.384208180061975,4.563856432581171
5.75,2.7188772990196077,13.578126550514668,4.58196810433622
5.76,2.724249810196078,13.774561807704073,4.600102087885739
5.77,2.7296223213725486,13.97354009538292,4.618258248774407
5.78,2.7349948325490194,14.175087762805,4.636436451994713
5.79,2.7403673437254903,14.379231365879193,4.654636561986947
5.8,2.7457398549019607,14.585997668327714,4.672858442639205
5.81,2.751112366078431,14.79541364284843,4.691101957287388
5.82,2.756484877254902,15.007506472281392,4.709366968715202
5.83,2.7618573884313724,15.222303550779372,4.727653339154153
5.84,2.767229899607843,15.439832484982922,4.745960930283558
5.85,2.7726024107843132,15.660121095199266,4.764289603230536
5.86,2.7779749219607845,15.883197416585546,4.782639218570011
5.87,2.783347433137255,16.109089700336227,4.801009636324709
5.88,2.7887199443137254,16.337826414874733,4.819400715965163
5.89,2.794092455490196,16.569436247049307,4.8378123164097095
5.9,2.7994649666666667,16.80394810333301,4.856244296024495
5.91,2.804837477843137,17.041391111027988,4.8746965126234585
5.92,2.8102099890196075,17.28179461947403,4.893168823468355
5.93,2.815582500196078,17.52518820126129,4.911661085268739
5.94,2.8209550113725492,17.77160165344729,4.930173154181973
5.95,2.8263275225490196,18.021064998778108,4.948704885813217
5.96,2.83170003372549,18.27360848691399,4.967256135215443
5.97,2.8370725449019605,18.52926259565904,4.985826756889424
5.98,2.8424450560784313,18.78805803219535,5.004416604783741
5.99,2.8478175672549018,19.05002573432123,5.023025532294774
6.0,2.8531900784313726,19.31519687169393,5.041653392266709
