name,Entry_point_address,Size_of_program_headers,Size_of_section_headers,Start_of_program_headers,Start_of_section_headers,size_text_section,total_size_file,total_size_memory,n_seg_diff_size_in_file_and_memory,n_p_type_header_as_int_type,total_p_flags,total_STT_NOTYPE_symbol,total_STT_FUNC_symbol,total_STT_OBJECT_symbol,n_sec_not_in_memory,total_global_symbols,total_local_symbols,total_weak_symbols,category
printf,13472,56,64,64,57904,29874,53733,54165,1,0,59,4,0,0,0,58,1,6,0
pr,12896,56,64,64,78480,42610,77981,78685,1,0,59,4,0,0,0,78,1,6,0
ppdhtml,17520,56,64,64,111136,61765,106603,106619,1,0,59,4,0,0,0,59,1,4,0
png-fix-itxt,5296,56,64,64,12728,1365,6561,6593,1,0,59,4,0,0,0,7,1,4,0
printenv,10160,56,64,64,37424,14290,32917,33357,1,0,59,4,0,0,0,48,1,8,0
prlimit,13616,56,64,64,37848,13074,35625,35797,1,0,59,4,0,0,0,67,1,5,0
prtstat,5648,56,64,64,20840,4613,15481,15577,1,0,59,3,0,0,0,29,1,4,0
ppdpo,17888,56,64,64,111136,62213,106758,106774,1,0,59,4,0,0,0,57,1,4,0
pmap,19808,56,64,64,33144,12978,29397,31285,1,0,59,3,0,0,0,62,1,6,0
pngfix,16656,56,64,64,57800,19957,51081,51137,1,0,59,4,0,0,0,54,1,4,0
prezip-bin,6336,56,64,64,12720,2181,8321,8385,1,0,59,4,0,0,0,15,1,4,0
preconv,15440,56,64,64,66056,32501,62722,66538,1,0,59,4,0,0,0,72,1,4,0
ppdmerge,11440,56,64,64,16832,2693,14545,14849,1,0,59,4,0,0,0,40,1,4,0
pnm2ppa,1024096,56,64,64,1650536,44661,1646465,1650201,1,0,59,3,0,0,0,46,1,4,0
ps,46608,56,64,64,139864,47522,152373,288325,1,0,59,3,0,0,0,99,1,5,0
ppdc,19632,56,64,64,115232,63701,111038,111054,1,0,59,4,0,0,0,70,1,4,0
ppdi,17184,56,64,64,115232,65445,111032,111048,1,0,59,4,0,0,0,63,1,4,0
ptx,20976,56,64,64,135792,98578,137973,140341,1,0,59,4,0,0,0,85,1,6,0
psfxtable,7184,56,64,64,20824,7877,18017,18105,1,0,59,3,0,0,0,32,1,4,0
pstree,15072,56,64,64,34088,11749,30177,30369,1,0,59,3,0,0,0,68,1,5,0
pwdx,5696,56,64,64,12648,1778,10349,10413,1,0,59,3,0,0,0,31,1,6,0
pslog,5520,56,64,64,12632,1333,8609,8673,1,0,59,3,0,0,0,21,1,4,0
pulseaudio,36752,56,64,64,98848,35685,96521,96825,1,0,59,4,0,0,0,248,1,5,0
pwd,10480,56,64,64,41520,16402,36893,37301,1,0,59,4,0,0,0,59,1,6,0
psicc,10528,56,64,64,24928,4501,17397,17825,1,0,59,3,0,0,0,46,1,4,0
rctest,20080,56,64,64,192328,72501,188865,188993,1,0,59,3,0,0,0,65,1,4,0
remmina,151344,56,64,64,500944,238485,513509,515001,1,0,59,3,0,0,0,1496,1,6,0
resizecons,12256,56,64,64,25000,7605,19657,19697,1,0,59,3,0,0,0,46,1,4,0
python2.7,1568064,56,64,64,3619160,1668356,3679869,3826069,1,0,59,3,0,0,0,1675,1,6,0
rdma,21072,56,64,64,131528,67973,143389,162601,1,0,59,4,0,0,0,127,1,4,0
recode-sr-latin,6928,56,64,64,12648,2930,13853,13949,1,0,59,3,0,0,0,37,1,4,0
readlink,10688,56,64,64,53808,22978,46949,47357,1,0,59,4,0,0,0,55,1,6,0
qpdldecode,9504,56,64,64,21224,6085,18249,18361,1,0,59,4,0,0,0,40,1,4,0
rdesktop-vrdp,41424,56,64,64,312568,222594,315601,3651941,1,0,59,4,0,0,0,351,1,4,0
rendercheck,11840,56,64,64,59472,31621,56833,56977,1,0,59,4,0,0,0,69,1,4,0
python3.8,6069088,56,64,64,5272312,2467701,5342793,5486425,1,0,59,4,0,0,0,2561,1,4,0
realpath,11168,56,64,64,53840,24434,48901,49341,1,0,59,4,0,0,0,56,1,6,0
renice,6704,56,64,64,12736,2578,11373,11437,1,0,59,4,0,0,0,29,1,5,0
sbattach,11808,56,64,64,57968,28178,57165,57357,1,0,59,3,0,0,0,85,1,4,0
run-parts,10688,56,64,64,25352,5653,20241,20721,1,0,59,2,0,0,0,55,1,4,0
script,20448,56,64,64,70080,34018,68529,68597,1,0,59,4,0,0,0,111,1,5,0
rhythmbox,4944,56,64,64,12736,597,8057,8065,1,0,59,4,0,0,0,28,1,5,0
sbverify,16944,56,64,64,62064,28834,60021,60213,1,0,59,3,0,0,0,105,1,4,0
scriptlive,14256,56,64,64,53696,27826,54457,54525,1,0,59,4,0,0,0,103,1,5,0
scanimage,22208,56,64,64,54448,26661,52265,52761,1,0,59,4,0,0,0,87,1,4,0
resizepart,12672,56,64,64,65992,34754,63249,63317,1,0,59,4,0,0,0,104,1,5,0
sbsiglist,11520,56,64,64,58032,28066,56661,56853,1,0,59,3,0,0,0,82,1,4,0
rfcomm,19104,56,64,64,150360,46645,148177,148401,1,0,59,3,0,0,0,63,1,4,0
sbkeysync,17360,56,64,64,66384,32530,64541,64733,1,0,59,3,0,0,0,93,1,4,0
screendump,6512,56,64,64,12632,2693,10721,10761,1,0,59,3,0,0,0,27,1,4,0
scriptreplay,13760,56,64,64,45504,18994,39881,39941,1,0,59,4,0,0,0,73,1,5,0
rmdir,10768,56,64,64,49712,23922,44949,45357,1,0,59,4,0,0,0,55,1,6,0
sadf,26544,56,64,64,426536,314789,423137,453089,1,0,59,4,0,0,0,75,1,4,0
rhythmbox-client,25280,56,64,64,51488,13861,44865,45041,1,0,59,4,0,0,0,110,1,4,0
resolvectl,33104,56,64,64,127512,59397,133785,134057,1,0,59,4,0,0,0,167,1,5,0
rev,6384,56,64,64,12736,1954,10965,11029,1,0,59,4,0,0,0,37,1,5,0
rpcgen,12240,56,64,64,94976,55189,93977,96057,1,0,59,3,0,0,0,51,1,4,0
sbsign,11856,56,64,64,58032,28130,57565,57757,1,0,59,3,0,0,0,89,1,4,0
sbvarsign,17168,56,64,64,62192,29618,61685,61877,1,0,59,3,0,0,0,99,1,4,0
sane-find-scanner,21360,56,64,64,140360,73333,141077,155369,1,0,59,4,0,0,0,127,1,4,0
rm,11984,56,64,64,70224,38418,70349,70797,1,0,59,4,0,0,0,75,1,6,0
rsync,50880,56,64,64,495432,332117,503545,580473,1,0,59,3,0,0,0,236,1,4,0
rygel,22480,56,64,64,49600,14117,44905,44985,1,0,59,4,0,0,0,159,1,5,0
runcon,12176,56,64,64,41520,16194,38085,38525,1,0,59,4,0,0,0,65,1,6,0
scp,18000,56,64,64,115120,68677,115721,117641,1,0,59,3,0,0,0,131,1,5,0
sar.sysstat,18832,56,64,64,151144,97749,151505,179921,1,0,59,4,0,0,0,79,1,4,0
setfacl,12912,56,64,64,38000,16357,35369,35561,1,0,59,4,0,0,0,76,1,4,0
session-migration,11792,56,64,64,20824,2677,14505,14521,1,0,59,3,0,0,0,63,1,5,0
setxkbmap,9472,56,64,64,29456,9621,23945,24481,1,0,59,4,0,0,0,37,1,4,0
setkeycodes,5392,56,64,64,12648,2965,10801,10841,1,0,59,3,0,0,0,21,1,4,0
sha512sum,14480,56,64,64,66128,38418,62925,63405,1,0,59,4,0,0,0,61,1,6,0
setsid,6224,56,64,64,12736,1826,11221,11285,1,0,59,4,0,0,0,34,1,5,0
seahorse,210112,56,64,64,1225768,527685,1270345,1274969,1,0,59,3,0,0,0,2203,1,5,0
sessreg,5312,56,64,64,12600,3346,10852,10988,1,0,43,3,0,0,0,27,1,4,0
setfont,12416,56,64,64,49576,22997,44009,44089,1,0,59,3,0,0,0,60,1,4,0
setleds,6464,56,64,64,12696,3253,11073,11113,1,0,59,3,0,0,0,16,1,4,0
setmetamode,5280,56,64,64,12744,1685,8841,8865,1,0,59,3,0,0,0,16,1,4,0
sftp,23456,56,64,64,172680,105941,173985,191505,1,0,59,3,0,0,0,186,1,5,0
setpriv,23168,56,64,64,49608,19138,46469,46525,1,0,59,4,0,0,0,91,1,5,0
sed,16928,56,64,64,123616,76818,123241,125685,1,0,59,3,0,0,0,133,1,6,0
sha256sum,14480,56,64,64,62032,33026,57469,57949,1,0,59,4,0,0,0,61,1,6,0
seq,13856,56,64,64,53808,28866,52013,52493,1,0,59,4,0,0,0,62,1,6,0
setterm,20400,56,64,64,45512,20066,44017,44077,1,0,59,4,0,0,0,74,1,5,0
sha224sum,14480,56,64,64,62032,33026,57469,57949,1,0,59,4,0,0,0,61,1,6,0
sha1sum,14480,56,64,64,53840,26546,50669,51149,1,0,59,4,0,0,0,61,1,6,0
sdiff,13760,56,64,64,45432,21173,46669,56361,1,0,59,3,0,0,0,81,1,6,0
setlogcons,4944,56,64,64,12648,2517,9729,9769,1,0,59,3,0,0,0,18,1,4,0
setarch,11872,56,64,64,25304,3810,16541,17021,1,0,59,4,0,0,0,34,1,5,0
sdptool,26704,56,64,64,253176,108005,252561,252697,1,0,59,3,0,0,0,59,1,4,0
setpci,14000,56,64,64,29128,6469,29121,29217,1,0,59,4,0,0,0,43,1,4,0
sha384sum,14480,56,64,64,66128,38418,62925,63405,1,0,59,4,0,0,0,61,1,6,0
shuf,13968,56,64,64,57904,30482,58557,59005,1,0,59,4,0,0,0,77,1,6,0
simple-scan,65904,56,64,64,414128,190309,425993,427601,1,0,59,3,0,0,0,532,1,4,0
showrgb,2320,56,64,64,8504,1010,6412,6452,1,0,43,3,0,0,0,14,1,4,0
skill,14000,56,64,64,29032,8434,26081,27365,1,0,59,3,0,0,0,66,1,6,0
slabtop,12656,56,64,64,20848,6098,19069,19277,1,0,59,3,0,0,0,47,1,6,0
shotwell,599936,56,64,64,4932896,2455429,5119497,5133473,1,0,59,3,0,0,0,6903,1,5,0
shred,13248,56,64,64,62032,32146,62285,62733,1,0,59,4,0,0,0,87,1,6,0
sleep,10416,56,64,64,41520,16098,35581,36029,1,0,59,4,0,0,0,52,1,6,0
smproxy,11792,56,64,64,25024,9157,22781,22945,1,0,59,4,0,0,0,61,1,4,0
slxdecode,5424,56,64,64,16832,6757,17721,17809,1,0,59,4,0,0,0,40,1,4,0
showkey,7424,56,64,64,16744,5029,14273,14433,1,0,59,3,0,0,0,27,1,4,0
showconsolefont,6688,56,64,64,16744,6741,17697,18873,1,0,59,3,0,0,0,34,1,4,0
snap,4166368,56,64,64,21512304,7791013,28880381,29089261,2,0,55,3,0,0,0,90,1,5,0
ss,25856,56,64,64,171064,90501,172573,203785,1,0,59,4,0,0,0,131,1,5,0
spd-say,12976,56,64,64,29864,7173,24105,24369,1,0,59,3,0,0,0,59,1,4,0
ssdeep,13456,56,64,64,53640,24789,54139,54239,1,0,59,3,0,0,0,81,1,8,0
split,18080,56,64,64,58360,29298,59169,60221,1,0,59,4,0,0,0,82,1,6,0
splitfont,5168,56,64,64,12632,1429,7945,7977,1,0,59,3,0,0,0,15,1,4,0
sort,26656,56,64,64,115544,68802,118021,120157,1,0,59,4,0,0,0,132,1,6,0
soelim,10128,56,64,64,45576,24213,40908,44052,1,0,59,4,0,0,0,41,1,4,0
sort-dctrl,10000,56,64,64,37600,16993,32629,624721,1,0,51,3,0,0,0,60,1,4,0
sprof,14352,56,64,64,33208,10981,26145,26369,1,0,59,3,0,0,0,57,1,5,0
speech-dispatcher,41488,56,64,64,172416,85397,173537,174569,1,0,59,3,0,0,0,515,1,5,0
spice-vdagent,33584,56,64,64,86872,30261,83553,83681,1,0,59,4,0,0,0,248,1,4,0
speaker-test,15904,56,64,64,29176,9301,31089,31809,1,0,59,4,0,0,0,78,1,4,0
snapfuse,10592,56,64,64,41384,18789,37849,37881,1,0,59,3,0,0,0,46,1,4,0
ssh-agent,37216,56,64,64,348584,149413,354105,364305,1,0,59,3,0,0,0,291,1,5,0
ssh,69248,56,64,64,799816,457381,816137,832249,1,0,59,3,0,0,0,439,1,7,0
ssh-add,36704,56,64,64,377248,173141,380801,382657,1,0,59,3,0,0,0,276,1,5,0
sss_ssh_authorizedkeys,11216,56,64,64,29112,9237,23693,24329,1,0,59,4,0,0,0,57,1,4,0
strace,490608,56,64,64,1581672,436741,1924729,2098761,1,0,59,3,0,0,0,139,1,6,0
su,16704,56,64,64,70088,36098,71145,71245,1,0,59,4,0,0,0,141,1,5,0
sss_ssh_knownhostsproxy,13312,56,64,64,33208,11077,27181,27817,1,0,59,4,0,0,0,65,1,4,0
stdbuf,11808,56,64,64,57904,26930,50765,51301,1,0,59,4,0,0,0,60,1,6,0
ssh-keyscan,39376,56,64,64,463288,227797,471665,477641,1,0,59,3,0,0,0,306,1,5,0
stty,17360,56,64,64,82512,38258,83573,84277,1,0,59,4,0,0,0,68,1,6,0
ssh-keygen,52720,56,64,64,479664,242805,487801,496233,1,0,59,3,0,0,0,362,1,5,0
sudoreplay,25632,56,64,64,95744,46757,95593,96081,1,0,59,3,0,0,0,145,1,4,0
stat,12448,56,64,64,90704,52066,88821,89429,1,0,59,4,0,0,0,97,1,6,0
systemd-cgtop,18704,56,64,64,37328,10805,31745,31897,1,0,59,4,0,0,0,98,1,7,0
sync,10752,56,64,64,41520,15330,34765,35181,1,0,59,4,0,0,0,53,1,6,0
systemd-delta,12192,56,64,64,25016,8037,23477,23585,1,0,59,4,0,0,0,72,1,7,0
sum,10576,56,64,64,45624,21346,43573,44037,1,0,59,4,0,0,0,63,1,6,0
systemd-ask-password,6160,56,64,64,12784,1573,11777,11921,1,0,59,4,0,0,0,31,1,5,0
systemd-cat,10784,56,64,64,16832,1989,12098,12201,1,0,59,4,0,0,0,34,1,7,0
swig4.0,130624,56,64,64,1844576,1374437,1871021,1883593,1,0,59,3,0,0,0,139,1,20,0
systemctl,79424,56,64,64,1043784,697440,1082873,1086309,2,0,63,4,0,0,0,298,1,8,0
systemd-cgls,11984,56,64,64,20968,3205,14481,14593,1,0,59,4,0,0,0,39,1,5,0
systemd-analyze,253232,56,64,64,1643248,761925,1940665,1945265,1,0,59,4,0,0,0,1134,1,10,0
symcryptrun,22704,56,64,64,124000,70018,121469,122229,1,0,59,4,0,0,0,162,1,4,0
systemd-socket-activate,13568,56,64,64,25016,6149,21677,21785,1,0,59,4,0,0,0,55,1,5,0
systemd-detect-virt,10496,56,64,64,16824,1701,12145,12225,1,0,59,4,0,0,0,34,1,7,0
tabs,7664,56,64,64,16824,4037,14473,14625,1,0,59,4,0,0,0,38,1,4,0
systemd-tty-ask-password-agent,13664,56,64,64,29112,7861,27557,27673,1,0,59,4,0,0,0,96,1,7,0
systemd-run,28752,56,64,64,62024,21653,57817,58105,1,0,59,4,0,0,0,129,1,7,0
systemd-hwdb,23696,56,64,64,111200,62016,108957,111289,2,0,63,4,0,0,0,143,1,7,0
systemd-inhibit,13344,56,64,64,20944,3717,18041,18153,1,0,59,4,0,0,0,60,1,7,0
tac,12352,56,64,64,111152,76818,107725,116821,1,0,59,4,0,0,0,73,1,6,0
systemd-id128,10064,56,64,64,20920,2933,17065,17193,1,0,59,4,0,0,0,45,1,7,0
systemd-stdio-bridge,12176,56,64,64,20928,3093,14361,14457,1,0,59,4,0,0,0,42,1,7,0
systemd-notify,11584,56,64,64,20928,2869,14617,14737,1,0,59,4,0,0,0,44,1,7,0
systemd-sysusers,18624,56,64,64,53928,23013,50257,50505,1,0,59,4,0,0,0,124,1,5,0
systemd-mount,25440,56,64,64,49760,19461,49441,49633,1,0,59,4,0,0,0,114,1,5,0
tail,21552,56,64,64,74352,41730,75109,75565,1,0,59,4,0,0,0,80,1,6,0
systemd-path,10224,56,64,64,16824,1621,13745,13857,1,0,59,4,0,0,0,28,1,7,0
systemd-escape,11888,56,64,64,16824,2965,14393,14529,1,0,59,4,0,0,0,39,1,7,0
systemd-tmpfiles,24704,56,64,64,90680,39973,86337,86553,1,0,59,4,0,0,0,184,1,5,0
tapestat,11248,56,64,64,49752,23861,43657,70489,1,0,59,4,0,0,0,73,1,4,0
systemd-machine-id-setup,10000,56,64,64,25056,5541,19513,19625,1,0,59,4,0,0,0,56,1,5,0
top,25312,56,64,64,127152,72578,123405,286405,1,0,59,3,0,0,0,134,1,4,0
tbl,21776,56,64,64,139784,80389,143882,156138,1,0,59,4,0,0,0,52,1,4,0
timedatectl,15888,56,64,64,45496,14581,41626,41769,1,0,59,4,0,0,0,91,1,7,0
tclsh8.6,4384,56,64,64,12632,517,6105,6113,1,0,59,3,0,0,0,14,1,5,0
tload,10688,56,64,64,20856,3554,14053,14397,1,0,59,3,0,0,0,41,1,6,0
tificc,18624,56,64,64,33200,13237,32985,33433,1,0,59,3,0,0,0,89,1,4,0
tracker,56640,56,64,64,198224,81973,196805,197545,1,0,59,4,0,0,0,428,1,4,0
telnet.netkit,25248,56,64,64,113392,56213,113265,119505,1,0,59,3,0,0,0,107,1,6,0
transicc,19664,56,64,64,37224,14821,34321,36185,1,0,59,3,0,0,0,85,1,4,0
tee,10496,56,64,64,41552,17122,38853,39301,1,0,59,4,0,0,0,59,1,6,0
tput,10672,56,64,64,25048,7093,19641,19817,1,0,59,4,0,0,0,51,1,4,0
test,10096,56,64,64,57904,28690,51453,51861,1,0,59,4,0,0,0,53,1,6,0
touch,17072,56,64,64,98896,56530,98677,99181,1,0,59,4,0,0,0,79,1,6,0
time,11680,56,64,64,21152,4341,15889,16049,1,0,59,3,0,0,0,33,1,4,0
totem-video-thumbnailer,18672,56,64,64,33240,7797,30145,30233,1,0,59,4,0,0,0,104,1,4,0
timeout,12032,56,64,64,46072,18690,43793,44301,1,0,59,4,0,0,0,75,1,6,0
traceroute6.iputils,14832,56,64,64,25024,6194,19421,19501,1,0,59,4,0,0,0,54,1,4,0
taskset,11888,56,64,64,37320,14386,33217,33277,1,0,59,4,0,0,0,74,1,5,0
toe,11072,56,64,64,20920,4245,15057,15097,1,0,59,4,0,0,0,48,1,4,0
tracepath,12272,56,64,64,20928,6258,17477,17541,1,0,59,4,0,0,0,43,1,4,0
tar,48640,56,64,64,454384,293653,465761,470049,1,0,59,3,0,0,0,226,1,8,0
totem,9232,56,64,64,20928,1333,20601,20681,1,0,59,4,0,0,0,37,1,5,0
tbl-dctrl,10544,56,64,64,37696,17041,32429,722825,1,0,51,3,0,0,0,59,1,4,0
tr,13376,56,64,64,53808,24178,50925,60325,1,0,59,4,0,0,0,58,1,6,0
tic,20880,56,64,64,90600,44482,86525,86805,1,0,59,4,0,0,0,111,1,4,0
tempfile,6080,56,64,64,12568,1861,9753,9825,1,0,59,2,0,0,0,23,1,4,0
troff,230304,56,64,64,751520,303589,787485,807093,1,0,59,4,0,0,0,84,1,4,0
truncate,12384,56,64,64,41520,18498,39941,40381,1,0,59,4,0,0,0,55,1,6,0
transset,11552,56,64,64,21416,4581,17001,17097,1,0,59,4,0,0,0,43,1,4,0
true,9792,56,64,64,37424,13922,31733,32141,1,0,59,4,0,0,0,45,1,6,0
transmission-gtk,177520,56,64,64,889056,498581,911149,915769,1,0,59,3,0,0,0,1986,1,11,0
tsort,10144,56,64,64,53808,29394,49709,50213,1,0,59,4,0,0,0,57,1,6,0
tty,10112,56,64,64,37424,14146,32621,33029,1,0,59,4,0,0,0,49,1,6,0
ttfread,5248,56,64,64,12728,1653,9929,9993,1,0,59,4,0,0,0,30,1,4,0
ubuntu-distro-info,8192,56,64,64,21456,6277,19177,19257,1,0,59,4,0,0,0,32,1,4,0
trust,48896,56,64,64,217840,81797,252409,253081,1,0,59,4,0,0,0,130,1,4,0
tset,11984,56,64,64,29120,8197,22657,23081,1,0,59,4,0,0,0,62,1,5,0
udevadm,100336,56,64,64,1049864,583252,1191069,1194769,2,0,63,4,0,0,0,309,1,10,0
unshare,20000,56,64,64,45744,16882,44245,44293,1,0,59,4,0,0,0,93,1,5,0
udisksctl,32768,56,64,64,57792,23333,60313,60665,1,0,59,4,0,0,0,150,1,4,0
umount,19504,56,64,64,37312,9074,33797,33861,1,0,59,4,0,0,0,118,1,6,0
uname,10960,56,64,64,41552,15042,35877,36285,1,0,59,4,0,0,0,52,1,6,0
ulockmgr_server,7216,56,64,64,16728,3221,12881,12913,1,0,59,3,0,0,0,38,1,4,0
uniq,12816,56,64,64,49744,20914,46261,46733,1,0,59,4,0,0,0,63,1,6,0
unlink,10016,56,64,64,37424,14754,33093,33533,1,0,59,4,0,0,0,48,1,6,0
ucs2any,10496,56,64,64,20792,8466,18596,18636,1,0,43,3,0,0,0,32,1,4,0
unsquashfs,20736,56,64,64,112888,60757,112025,1686457,1,0,59,3,0,0,0,118,1,4,0
umax_pp,14480,56,64,64,185864,141429,183489,183633,1,0,59,4,0,0,0,48,1,4,0
unrar-nonfree,20096,56,64,64,384000,281476,387754,472890,1,0,59,2,0,0,0,123,1,7,0
ubuntu-report,4609552,56,64,64,7716728,3572334,7713197,7909101,2,1,10795,3,0,0,0,45,1,0,0
ul,11424,56,64,64,20936,6354,18173,18413,1,0,59,4,0,0,0,48,1,5,0
unity-scope-loader,4800,56,64,64,12736,1029,9385,9409,1,0,59,4,0,0,0,33,1,5,0
unexpand,11312,56,64,64,41552,17874,39197,39733,1,0,59,4,0,0,0,57,1,6,0
vmnet-bridge,63484,56,64,64,488168,254024,579376,606512,1,0,44,5,0,0,0,144,1,5,0
uuidgen,10912,56,64,64,16832,2290,13117,13181,1,0,59,4,0,0,0,38,1,5,0
upower,11344,56,64,64,20912,3109,13969,13993,1,0,59,4,0,0,0,41,1,4,0
vmnet-dhcpd,106844,56,64,64,958576,498440,1062880,1230132,2,0,48,5,0,0,0,240,1,9,0
uuidparse,12416,56,64,64,37320,15458,37993,38165,1,0,59,4,0,0,0,81,1,5,0
utmpdump,11392,56,64,64,29120,8146,25341,25437,1,0,59,4,0,0,0,68,1,5,0
vim.tiny,121408,56,64,64,1388552,964469,1436137,1459849,1,0,59,3,0,0,0,165,1,6,0
update-alternatives,18288,56,64,64,57728,29301,53553,55737,1,0,59,3,0,0,0,64,1,4,0
update-notifier,33200,56,64,64,74856,24693,75385,75561,1,0,59,3,0,0,0,277,1,5,0
usbhid-dump,13632,56,64,64,29128,7989,24774,24993,1,0,59,4,0,0,0,54,1,4,0
vdir,26640,56,64,64,144408,81474,148069,152917,1,0,59,4,0,0,0,121,1,6,0
usbreset,5376,56,64,64,12720,1909,9513,9993,1,0,59,4,0,0,0,23,1,4,0
vmnet-natd,4223140,56,64,64,894872,535288,999920,1140548,2,0,48,4,0,0,0,263,1,5,0
uptime,5408,56,64,64,12648,1506,9957,10021,1,0,59,3,0,0,0,26,1,6,0
update-desktop-database,12432,56,64,64,24936,5013,21257,21289,1,0,59,3,0,0,0,69,1,4,0
vmnet-netifup,61668,56,64,64,479816,247096,567536,578176,1,0,44,5,0,0,0,135,1,5,0
viewres,12320,56,64,64,30032,8597,30729,36489,1,0,59,4,0,0,0,63,1,4,0
update-mime-database,23728,56,64,64,57848,27781,55457,55561,1,0,59,3,0,0,0,119,1,4,0
unzipsfx,10640,56,64,64,82328,54389,83345,928481,1,0,59,3,0,0,0,101,1,5,0
users,10160,56,64,64,41520,15634,35157,35597,1,0,59,4,0,0,0,56,1,6,0
unzip,19184,56,64,64,184744,107925,184369,1177065,1,0,59,3,0,0,0,116,1,5,0
usb_printerid,4784,56,64,64,12736,1061,7281,7345,1,0,59,4,0,0,0,16,1,4,0
vmstat,17200,56,64,64,37248,16098,32501,32773,1,0,59,3,0,0,0,57,1,6,0
vmwarectrl,5216,56,64,64,12856,2053,9665,9705,1,0,59,4,0,0,0,21,1,4,0
vmss2core,120232,56,64,64,1143304,543928,1259624,284521756,2,0,48,5,0,0,0,237,1,9,0
vmrun,1062000,56,64,64,10223720,5843624,11031024,11238904,2,0,48,5,0,0,0,389,1,10,0
vmnet-sniffer,65108,56,64,64,483912,250872,571648,582288,1,0,44,5,0,0,0,129,1,5,0
vmware-ping,6068,56,64,64,12672,4472,14176,14192,1,0,44,5,0,0,0,33,1,5,0
vmware-networks,87312,56,64,64,1054704,566792,1162928,1296376,2,0,48,5,0,0,0,272,1,9,0
wall,13680,56,64,64,33216,13106,31313,32957,1,0,59,4,0,0,0,85,1,5,0
watchgnupg,7536,56,64,64,16824,4213,14321,14401,1,0,59,4,0,0,0,36,1,4,0
vmware-vdiskmanager,425916,56,64,64,5675336,3348392,6002888,6218976,2,0,48,5,0,0,0,343,1,10,0
vstp,11280,56,64,64,24936,7669,21321,22481,1,0,59,3,0,0,0,75,1,5,0
watch,15744,56,64,64,25352,8866,25325,25541,1,0,59,3,0,0,0,83,1,6,0
w.procps,10752,56,64,64,20840,6002,18285,18397,1,0,59,3,0,0,0,48,1,6,0
wdctl,20992,56,64,64,66016,30786,62057,62221,1,0,59,4,0,0,0,111,1,5,0
who,11248,56,64,64,57936,29234,54973,55573,1,0,59,4,0,0,0,69,1,6,0
x86_64-linux-gnu-as,47616,56,64,64,723472,305797,1004441,1045369,1,0,59,3,0,0,0,148,1,4,0
wish8.6,4464,56,64,64,12632,581,6641,6649,1,0,59,3,0,0,0,18,1,5,0
whoami,10016,56,64,64,37424,14690,33189,33629,1,0,59,4,0,0,0,50,1,6,0
x86_64-linux-gnu-elfedit,12512,56,64,64,41776,15445,35073,35505,1,0,59,3,0,0,0,52,1,6,0
x86_64-linux-gnu-cpp-10,4396160,56,64,64,823912,305842,829681,848433,2,0,63,4,0,0,0,124,1,6,0
word-list-compress,5312,56,64,64,12720,1285,7145,7209,1,0,59,4,0,0,0,11,1,4,0
whatis,18160,56,64,64,54704,21413,48793,49041,1,0,59,4,0,0,0,118,1,4,0
x86_64-linux-gnu-c++filt,11008,56,64,64,29072,9957,29589,62505,1,0,59,3,0,0,0,71,1,4,0
wpa_passphrase,23088,56,64,64,82376,35861,78529,78761,1,0,59,4,0,0,0,194,1,4,0
wget,69536,56,64,64,546648,320533,561237,589993,1,0,59,3,0,0,0,313,1,6,0
whoopsie-preferences,10752,56,64,64,24920,5045,21521,25697,1,0,59,3,0,0,0,74,1,4,0
x86_64-linux-gnu-ar,14784,56,64,64,66168,30341,63657,64369,1,0,59,3,0,0,0,104,1,4,0
x11perf,78400,56,64,64,200216,46709,198057,199697,1,0,59,4,0,0,0,139,1,4,0
x86_64-linux-gnu-addr2line,12976,56,64,64,33680,11365,30953,31153,1,0,59,3,0,0,0,81,1,4,0
wc,13136,56,64,64,49720,23058,48117,48645,1,0,59,4,0,0,0,81,1,6,0
x86_64-linux-gnu-dwp,220112,56,64,64,2089656,1387733,2196805,2240725,1,0,59,3,0,0,0,189,1,14,0
whereis,12192,56,64,64,33736,10162,28549,28605,1,0,59,4,0,0,0,73,1,5,0
whoopsie,21536,56,64,64,66672,23157,64753,64905,1,0,59,3,0,0,0,141,1,4,0
whiptail,14640,56,64,64,33128,11077,28009,28137,1,0,59,3,0,0,0,83,1,4,0
write.ul,11744,56,64,64,20936,4626,17685,17749,1,0,59,4,0,0,0,63,1,5,0
x86_64-linux-gnu-gcc-ar-10,4203952,56,64,64,21224,8213,19569,19761,1,0,59,3,0,0,0,49,1,2,0
x86_64-linux-gnu-gcov-tool-10,4294224,56,64,64,268088,184821,275029,280901,2,0,63,4,0,0,0,95,1,6,0
x86_64-linux-gnu-g++-10,4396608,56,64,64,828008,308178,831889,850641,2,0,63,4,0,0,0,124,1,6,0
x86_64-linux-gnu-gcc-nm-10,4206688,56,64,64,21224,7989,19209,19425,1,0,59,3,0,0,0,49,1,2,0
x86_64-linux-gnu-gprof,13392,56,64,64,100360,58453,102097,107105,1,0,59,3,0,0,0,81,1,4,0
x86_64-linux-gnu-gcov-dump-10,4292032,56,64,64,247512,166581,249901,251229,2,0,63,4,0,0,0,83,1,6,0
x86_64-linux-gnu-gcc-ranlib-10,4203952,56,64,64,21224,8181,19537,19729,1,0,59,3,0,0,0,49,1,2,0
x86_64-linux-gnu-gcov-10,4319040,56,64,64,391016,272085,400715,402667,2,0,63,4,0,0,0,94,1,13,0
x86_64-linux-gnu-gcc-10,4396352,56,64,64,823912,305058,828713,847465,2,0,63,4,0,0,0,124,1,6,0
x86_64-linux-gnu-ld.bfd,68608,56,64,64,1746760,288245,1774481,1781497,1,0,59,3,0,0,0,257,1,4,0
x86_64-linux-gnu-ld.gold,252400,56,64,64,2339272,1557653,2460625,2505081,1,0,59,3,0,0,0,189,1,14,0
xcursorgen,10944,56,64,64,20912,3653,14641,14721,1,0,59,4,0,0,0,48,1,4,0
x86_64-linux-gnu-strings,12288,56,64,64,33568,12021,31953,32121,1,0,59,3,0,0,0,75,1,4,0
x86_64-pc-linux-gnu-pkg-config,17856,56,64,64,53672,21253,52457,52705,1,0,59,3,0,0,0,97,1,4,0
x86_64-linux-gnu-readelf,38016,56,64,64,685208,382357,689665,705601,1,0,59,3,0,0,0,91,1,5,0
xcutsel,9888,56,64,64,21200,2389,18281,18513,1,0,59,4,0,0,0,44,1,4,0
xconsole,10592,56,64,64,25952,5013,28329,28617,1,0,59,4,0,0,0,70,1,4,0
x86_64-linux-gnu-nm,16272,56,64,64,50744,19557,46977,48489,1,0,59,3,0,0,0,92,1,4,0
xditview,24144,56,64,64,108752,21893,111273,114793,1,0,59,4,0,0,0,101,1,4,0
xdriinfo,5776,56,64,64,12728,1637,8777,8825,1,0,59,4,0,0,0,17,1,4,0
xdg-user-dirs-gtk-update,12336,56,64,64,20808,4785,19489,19497,1,0,51,3,0,0,0,92,1,4,0
x86_64-linux-gnu-size,11696,56,64,64,33424,13237,32393,33825,1,0,59,3,0,0,0,78,1,4,0
xbrlapi,47440,56,64,64,168560,76274,171133,204469,1,0,59,3,0,0,0,618,1,6,0
xdg-user-dirs-update,14112,56,64,64,25000,8245,19769,19865,1,0,59,3,0,0,0,45,1,4,0
xdg-dbus-proxy,18352,56,64,64,49496,19749,49085,49241,1,0,59,3,0,0,0,151,1,4,0
xauth,19232,56,64,64,54368,19589,53473,54745,1,0,59,3,0,0,0,82,1,4,0
xclock,20320,56,64,64,64720,17381,60345,60825,1,0,59,4,0,0,0,107,1,4,0
x86_64-linux-gnu-ranlib,14784,56,64,64,66200,30341,63705,64417,1,0,59,3,0,0,0,104,1,4,0
xargs,14704,56,64,64,74232,36082,72221,73085,1,0,59,3,0,0,0,89,1,8,0
xbiff,10128,56,64,64,22848,3845,20473,20513,1,0,59,4,0,0,0,54,1,4,0
x86_64-linux-gnu-objdump,40512,56,64,64,433136,273477,440721,454385,1,0,59,3,0,0,0,161,1,4,0
xcalc,15664,56,64,64,46640,18053,50961,52273,1,0,59,4,0,0,0,67,1,4,0
x86_64-linux-gnu-strip,31952,56,64,64,189032,112885,192261,194457,1,0,59,3,0,0,0,159,1,4,0
xclipboard,11104,56,64,64,25312,6085,25585,26009,1,0,59,4,0,0,0,67,1,4,0
xdpyinfo,19600,56,64,64,42184,11381,34721,34793,1,0,59,4,0,0,0,86,1,4,0
xcmsdb,7520,56,64,64,29688,15970,31468,31524,1,0,43,3,0,0,0,37,1,4,0
x86_64-linux-gnu-objcopy,31952,56,64,64,189032,112885,192257,194457,1,0,59,3,0,0,0,159,1,4,0
xedit,64192,56,64,64,687528,466741,700073,709249,1,0,59,4,0,0,0,222,1,6,0
xvidtune,15152,56,64,64,38568,13874,43540,44124,1,0,43,3,0,0,0,86,1,4,0
xkill,6992,56,64,64,12728,3013,12521,12561,1,0,59,4,0,0,0,34,1,4,0
xmodmap,8400,56,64,64,33432,14626,33076,33228,1,0,43,3,0,0,0,69,1,4,0
xsetpointer,3920,56,64,64,8504,1602,8100,8132,1,0,43,3,0,0,0,25,1,4,0
xz,16736,56,64,64,78464,36709,81177,99769,1,0,59,3,0,0,0,113,1,5,0
yelp,28592,56,64,64,61800,18869,61609,61689,1,0,59,3,0,0,0,256,1,4,0
xstdcmap,5680,56,64,64,13192,3266,12940,12996,1,0,43,3,0,0,0,27,1,4,0
xload,11216,56,64,64,25664,2565,24593,25857,1,0,59,4,0,0,0,61,1,4,0
xkbevd,13152,56,64,64,41424,15797,33841,37753,1,0,59,4,0,0,0,56,1,4,0
xqxdecode,5440,56,64,64,16832,4645,14913,15025,1,0,59,4,0,0,0,39,1,4,0
xkbprint,15728,56,64,64,94688,27733,87889,88161,1,0,59,4,0,0,0,59,1,4,0
xkbcomp,27072,56,64,64,215200,130917,215457,222905,1,0,59,4,0,0,0,115,1,4,0
xset,16960,56,64,64,28984,12306,28844,28892,1,0,43,3,0,0,0,76,1,4,0
zjsdecode,5536,56,64,64,25032,11013,24789,24905,1,0,59,4,0,0,0,42,1,4,0
zip,59104,56,64,64,214464,117250,220360,542120,1,0,44,3,0,0,0,262,1,5,0
xinit,12688,56,64,64,20944,5109,18001,20417,1,0,59,3,0,0,0,58,1,4,0
xrdb,11184,56,64,64,29016,12162,27268,31668,1,0,43,3,0,0,0,74,1,4,0
xmessage,11024,56,64,64,25856,5301,28489,28777,1,0,59,4,0,0,0,59,1,4,0
xmag,15968,56,64,64,47600,17445,51473,51921,1,0,59,4,0,0,0,102,1,4,0
xprop,19072,56,64,64,47848,15813,43721,1045529,1,0,59,4,0,0,0,68,1,4,0
xmore,5248,56,64,64,17040,1061,15089,15233,1,0,59,4,0,0,0,23,1,4,0
zdump,13648,56,64,64,24920,8485,19321,19513,1,0,59,3,0,0,0,37,1,6,0
xlsfonts,10592,56,64,64,25048,6997,19845,19969,1,0,59,4,0,0,0,35,1,4,0
xev,17808,56,64,64,33568,11269,29241,29369,1,0,59,4,0,0,0,54,1,4,0
xkbvleds,12288,56,64,64,21720,6245,20521,20729,1,0,59,4,0,0,0,46,1,4,0
xrefresh,5088,56,64,64,8520,2402,10204,10244,1,0,43,3,0,0,0,25,1,4,0
xxd,10272,56,64,64,16856,6645,16257,21553,1,0,59,3,0,0,0,28,1,4,0
xlogo,10448,56,64,64,25936,4997,28673,28785,1,0,59,4,0,0,0,59,1,4,0
xhost,5888,56,64,64,12600,4642,14204,16260,1,0,43,3,0,0,0,48,1,4,0
xwininfo,23232,56,64,64,49608,19941,48169,73113,1,0,59,4,0,0,0,82,1,4,0
zipnote,17840,56,64,64,87696,50114,89872,102608,1,0,44,3,0,0,0,198,1,5,0
zipsplit,19696,56,64,64,91792,52178,91952,104784,1,0,44,3,0,0,0,199,1,5,0
xsm,27120,56,64,64,103248,47042,107201,112693,1,0,59,4,0,0,0,173,1,6,0
zipcloak,18944,56,64,64,92024,52370,94620,107416,1,0,44,3,0,0,0,208,1,5,0
xfontsel,16112,56,64,64,47072,16373,46169,46977,1,0,59,4,0,0,0,100,1,4,0
zipinfo,19184,56,64,64,184744,107925,184369,1177065,1,0,59,3,0,0,0,116,1,5,0
xinput,15536,56,64,64,62480,27445,55217,55289,1,0,59,3,0,0,0,79,1,4,0
xkbbell,6992,56,64,64,12744,2549,11205,11273,1,0,59,4,0,0,0,22,1,4,0
Xephyr,292224,56,64,64,2453152,1684373,2514473,2643737,1,0,59,3,0,0,0,2346,1,5,0
xsetwacom,20768,56,64,64,63368,19701,59081,59145,1,0,59,3,0,0,0,64,1,4,0
xsetroot,9280,56,64,64,16704,6178,16982,17084,1,0,43,3,0,0,0,45,1,4,0
xgettext,35376,56,64,64,273328,165426,274957,285925,1,0,59,3,0,0,0,200,1,4,0
xwd,11424,56,64,64,37312,14981,29781,29889,1,0,59,4,0,0,0,55,1,4,0
yes,10192,56,64,64,41520,15170,33653,34093,1,0,59,4,0,0,0,48,1,6,0
xrandr,36848,56,64,64,61784,39394,62924,63244,1,0,43,3,0,0,0,91,1,4,0
xman,24912,56,64,64,81168,30597,81065,81641,1,0,59,4,0,0,0,138,1,4,0
xgc,21760,56,64,64,78320,28581,81097,83025,1,0,59,4,0,0,0,114,1,4,0
xlsatoms,6336,56,64,64,12728,2613,10545,10625,1,0,59,4,0,0,0,23,1,4,0
Xwayland,289424,56,64,64,2347128,1597621,2410021,2538537,1,0,59,3,0,0,0,2198,1,5,0
xgamma,4976,56,64,64,8504,2706,10124,10180,1,0,43,3,0,0,0,24,1,4,0
xwud,22416,56,64,64,33200,13365,26089,26185,1,0,59,4,0,0,0,48,1,4,0
xsetmode,3568,56,64,64,8504,1170,7196,7228,1,0,43,3,0,0,0,23,1,4,0
xeyes,10464,56,64,64,30576,6661,31065,31089,1,0,59,4,0,0,0,62,1,4,0
xvinfo,9264,56,64,64,16824,4789,13553,13625,1,0,59,4,0,0,0,27,1,4,0
xkbwatch,11040,56,64,64,21816,5221,17881,18033,1,0,59,4,0,0,0,39,1,4,0
xfd,16864,56,64,64,39040,10773,37353,37713,1,0,59,4,0,0,0,73,1,4,0
zenity,47600,56,64,64,134040,57077,136773,137673,1,0,59,3,0,0,0,341,1,4,0
xlsclients,6032,56,64,64,16832,5189,14609,14689,1,0,59,4,0,0,0,33,1,4,0
readprofile,13024,56,64,64,20960,4450,17142,17205,1,0,59,4,0,0,0,48,1,5,0
realm,37424,56,64,64,148304,68037,151465,151753,1,0,59,4,0,0,0,261,1,4,0
pwunconv,17136,56,64,64,53432,19669,50205,51425,1,0,59,4,0,0,0,106,1,6,0
pppdump,5104,56,64,64,16840,7493,16873,41657,1,0,59,3,0,0,0,23,1,4,0
pppd,85264,56,64,64,393224,197765,391889,710809,1,0,59,3,0,0,0,752,1,5,0
pptp,17488,56,64,64,70912,32293,66813,92673,1,0,59,3,0,0,0,108,1,4,0
pwck,20608,56,64,64,57648,23893,57005,58233,1,0,59,4,0,0,0,112,1,6,0
pppstats,5488,56,64,64,16728,5285,13409,13561,1,0,59,3,0,0,0,27,1,4,0
pppoe-discovery,5968,56,64,64,20824,6757,18973,19033,1,0,59,3,0,0,0,42,1,4,0
pwconv,17920,56,64,64,53424,20741,52229,53457,1,0,59,4,0,0,0,110,1,6,0
regdbdump,4704,56,64,64,12632,645,6473,6481,1,0,59,3,0,0,0,10,1,4,0
raw,6464,56,64,64,12736,2914,12533,12613,1,0,59,4,0,0,0,33,1,5,0
sfdisk,41872,56,64,64,147904,75042,148753,148973,1,0,59,4,0,0,0,274,1,5,0
resize2fs,21424,56,64,64,65984,33189,62857,63009,1,0,59,4,0,0,0,155,1,4,0
rtcwake,16672,56,64,64,45512,21762,47561,47685,1,0,59,4,0,0,0,84,1,8,0
rtkitctl,5472,56,64,64,12736,1253,9217,9281,1,0,59,4,0,0,0,16,1,4,0
setvesablank,5024,56,64,64,12648,2597,9865,9905,1,0,59,3,0,0,0,18,1,4,0
rmt-tar,12496,56,64,64,58032,33893,57425,57649,1,0,59,3,0,0,0,74,1,6,0
rtacct,13920,56,64,64,47680,10853,41345,62505,1,0,59,4,0,0,0,59,1,4,0
rfkill,16768,56,64,64,49512,18674,44697,45013,1,0,59,3,0,0,0,85,1,5,0
setcap,6544,56,64,64,12728,2117,10137,10145,1,0,59,4,0,0,0,23,1,4,0
sgdisk,20496,56,64,64,193000,115285,198338,202658,1,0,59,4,0,0,0,96,1,20,0
rsyslogd,95152,56,64,64,725328,383781,742009,746225,1,0,59,4,0,0,0,954,1,6,0
rtmon,24704,56,64,64,78288,35573,77629,96801,1,0,59,4,0,0,0,311,1,5,0
saned,19184,56,64,64,66320,28165,63897,64393,1,0,59,4,0,0,0,117,1,4,0
setvtrgb,5424,56,64,64,16808,3285,12161,12297,1,0,59,3,0,0,0,27,1,4,0
runuser,16704,56,64,64,70088,36098,71145,71245,1,0,59,4,0,0,0,141,1,5,0
spice-vdagentd,23472,56,64,64,62344,23125,63161,65505,1,0,59,4,0,0,0,174,1,4,0
tc,59760,56,64,64,552744,344005,557281,591553,1,0,59,4,0,0,0,637,1,7,0
sudo_logsrvd,27168,56,64,64,173664,99125,177665,177769,1,0,59,3,0,0,0,155,1,4,0
sulogin,21584,56,64,64,49608,22498,47481,81325,1,0,59,4,0,0,0,126,1,5,0
sssctl,24608,56,64,64,115240,55509,114137,114473,1,0,59,4,0,0,0,210,1,4,0
swapoff,11392,56,64,64,20928,4514,18925,19053,1,0,59,4,0,0,0,62,1,5,0
sudo_sendlog,24992,56,64,64,128128,70309,133025,133241,1,0,59,3,0,0,0,124,1,4,0
swapon,20304,56,64,64,49600,20258,50457,50573,1,0,59,4,0,0,0,119,1,5,0
sss_override,21456,56,64,64,91208,43397,89009,89345,1,0,59,4,0,0,0,161,1,4,0
unix_update,10624,56,64,64,37208,18085,33477,66545,1,0,59,3,0,0,0,70,1,4,0
sss_cache,23280,56,64,64,90664,40501,83793,84513,1,0,59,4,0,0,0,172,1,4,0
start-stop-daemon,22496,56,64,64,46536,13858,41501,41949,1,0,59,3,0,0,0,94,1,4,0
tune2fs,33760,56,64,64,107128,54709,108609,109329,1,0,59,4,0,0,0,199,1,4,0
swaplabel,10800,56,64,64,16832,2818,13565,13629,1,0,59,4,0,0,0,42,1,5,0
unix_chkpwd,11552,56,64,64,41304,18421,34861,67929,1,0,59,3,0,0,0,78,1,4,0
sysctl,11920,56,64,64,29040,9218,25045,25157,1,0,59,3,0,0,0,60,1,6,0
sssd,26688,56,64,64,86832,36053,87265,87601,1,0,59,4,0,0,0,205,1,4,0
thermald,143392,56,64,64,688808,455909,699389,700109,1,0,59,3,0,0,0,703,1,325,0
umount.udisks2,5536,56,64,64,12720,1173,8561,8569,1,0,59,4,0,0,0,19,1,4,0
switch_root,6128,56,64,64,16832,2802,13141,13205,1,0,59,4,0,0,0,43,1,5,0
tcpdump,179888,56,64,64,1042312,522789,1149961,2586129,1,0,59,3,0,0,0,138,1,4,0
tipc,17024,56,64,64,127432,77173,129381,148633,1,0,59,4,0,0,0,125,1,4,0
sss_seed,21792,56,64,64,70184,31365,67697,68001,1,0,59,4,0,0,0,139,1,4,0
userdel,31472,56,64,64,99344,47701,101861,104537,1,0,59,4,0,0,0,167,1,6,0
useradd,34352,56,64,64,145176,73269,147633,150537,1,0,59,4,0,0,0,190,1,6,0
uuidd,16432,56,64,64,41496,16162,38569,38645,1,0,59,4,0,0,0,90,1,5,0
usb_modeswitch,15184,56,64,64,63336,27221,58809,69217,1,0,59,3,0,0,0,68,1,4,0
vcstime,4784,56,64,64,12632,789,6801,6809,1,0,59,3,0,0,0,13,1,4,0
update-passwd,10624,56,64,64,33536,13845,31617,31745,1,0,59,3,0,0,0,62,1,4,0
usermod,36544,56,64,64,140856,69749,141353,144353,1,0,59,4,0,0,0,190,1,6,0
vipw,16832,56,64,64,68280,28341,68069,69577,1,0,59,4,0,0,0,131,1,6,0
visudo,32784,56,64,64,221672,107829,221769,223321,1,0,59,3,0,0,0,149,1,4,0
usbmuxd,26048,56,64,64,86824,38133,84401,84801,1,0,59,3,0,0,0,164,1,4,0
wpa_supplicant,123872,56,64,64,2940368,1878917,3027545,3029121,1,0,59,3,0,0,0,639,1,4,0
vmware-authd,330488,56,64,64,3733824,2203048,4007952,4174716,2,0,48,5,0,0,0,292,1,10,0
vpddecode,5888,56,64,64,17040,3523,13333,13405,1,0,59,4,0,0,0,29,1,4,0
zic,14432,56,64,64,65928,39637,60749,65577,1,0,59,3,0,0,0,49,1,4,0
xtables-legacy-multi,20688,56,64,64,97312,47509,96521,522993,1,0,59,4,0,0,0,149,1,4,0
vmware-authdlauncher,94872,56,64,64,944064,496904,1051608,1187808,2,0,48,5,0,0,0,400,1,9,0
wipefs,20960,56,64,64,49608,18482,44977,45141,1,0,59,4,0,0,0,107,1,5,0
xtables-nft-multi,41376,56,64,64,226664,119333,232297,658865,1,0,59,4,0,0,0,279,1,4,0
zramctl,20064,56,64,64,115256,69346,116645,116765,1,0,59,4,0,0,0,134,1,5,0
wpa_cli,37328,56,64,64,157984,53925,166493,167145,1,0,59,4,0,0,0,113,1,4,0
yara,18128,56,64,64,47280,10980,33981,35925,1,0,59,5,0,0,0,79,1,4,0
yarac,10272,56,64,64,25832,3829,15225,15593,1,0,59,5,0,0,0,36,1,4,0
python3,6069088,56,64,64,5272312,2467701,5342793,5486425,1,0,59,4,0,0,0,2561,1,4,0
size,11696,56,64,64,33424,13237,32393,33825,1,0,59,3,0,0,0,78,1,4,0
slogin,69248,56,64,64,799816,457381,816137,832249,1,0,59,3,0,0,0,439,1,7,0
swig,130624,56,64,64,1844576,1374437,1871021,1883593,1,0,59,3,0,0,0,139,1,20,0
systemd,271744,56,64,64,1614456,804594,1864940,1865260,1,0,43,3,0,0,0,1394,1,4,0
systemd-umount,25440,56,64,64,49760,19461,49441,49633,1,0,59,4,0,0,0,114,1,5,0
unlzma,13584,56,64,64,74360,36978,79020,97596,1,0,44,3,0,0,0,115,1,6,0
x86_64,11872,56,64,64,25304,3810,16541,17021,1,0,59,4,0,0,0,34,1,5,0
x86_64-linux-gnu-gold,252400,56,64,64,2339272,1557653,2460625,2505081,1,0,59,3,0,0,0,189,1,14,0
x86_64-linux-gnu-ld,68608,56,64,64,1746760,288245,1774481,1781497,1,0,59,3,0,0,0,257,1,4,0
reboot,39792,56,64,64,180560,97394,189892,190156,1,0,43,3,0,0,0,298,1,6,0
runlevel,39792,56,64,64,180560,97394,189892,190156,1,0,43,3,0,0,0,298,1,6,0
telinit,39792,56,64,64,180560,97394,189892,190156,1,0,43,3,0,0,0,298,1,6,0
xtables-monitor,41376,56,64,64,226664,119333,232297,658865,1,0,59,4,0,0,0,279,1,4,0
rcp,15552,56,64,64,98704,60130,103092,103644,1,0,43,3,0,0,0,165,1,5,0
reset,11984,56,64,64,29120,8197,22657,23081,1,0,59,4,0,0,0,62,1,5,0
rlogin,58352,56,64,64,726056,407938,743068,758876,1,0,43,3,0,0,0,453,1,7,0
rsh,58352,56,64,64,726056,407938,743068,758876,1,0,43,3,0,0,0,453,1,7,0
snice,14000,56,64,64,29032,8434,26081,27365,1,0,59,3,0,0,0,66,1,6,0
w,6576,56,64,64,16712,6030,17380,17492,1,0,43,3,0,0,0,54,1,6,0
write,5216,56,64,64,12600,2546,11188,11252,1,0,44,3,0,0,0,44,1,4,0
ranlib,14784,56,64,64,66200,30341,63705,64417,1,0,59,3,0,0,0,104,1,4,0
strings,12288,56,64,64,33568,12021,31953,32121,1,0,59,3,0,0,0,75,1,4,0
strip,31952,56,64,64,189032,112885,192261,194457,1,0,59,3,0,0,0,159,1,4,0
systemd-resolve,33104,56,64,64,127512,59397,133785,134057,1,0,59,4,0,0,0,167,1,5,0
unrar,15168,56,64,64,300384,207314,306408,389456,1,0,44,2,0,0,0,128,1,14,0
unxz,16736,56,64,64,78464,36709,81177,99769,1,0,59,3,0,0,0,113,1,5,0
xzcat,16736,56,64,64,78464,36709,81177,99769,1,0,59,3,0,0,0,113,1,5,0
rmmod,13040,56,64,64,147896,92338,155364,155484,1,0,43,3,0,0,0,97,1,5,0
rmt,10976,56,64,64,58000,34674,58596,58828,1,0,43,3,0,0,0,89,1,6,0
shutdown,39792,56,64,64,180560,97394,189892,190156,1,0,43,3,0,0,0,298,1,6,0
vigr,16832,56,64,64,68280,28341,68069,69577,1,0,59,4,0,0,0,131,1,6,0
VirusShare_1fe8fef57b97bcc526ce841725488f6a,33108,32,40,52,54872,49456,54756,97476,1,0,18,3,0,0,0,0,0,0,1
VirusShare_2a8c3c44a2b00aa68614c358b25e380e,134512996,32,40,52,73812,53704,69256,95596,1,0,17,5,0,0,0,0,0,0,1
VirusShare_1e8ab86886873d7c7ed5f63c4aeea4cd,268435952,32,40,52,52048,48912,51968,52660,1,0,17,2,0,0,0,0,0,0,1
VirusShare_1fc4231deea8912b619297a936c770bb,33200,32,40,52,195608,136420,188176,214428,1,0,22,11,0,0,0,0,0,0,1
VirusShare_1f227c95d0e075cf245f4b1f17107e57,2147483972,32,40,52,85996,74472,82814,109026,1,0,17,5,0,0,0,0,0,0,1
VirusShare_2a8a93cbadf7b4cfa9e121b6838cf7c2,134512996,32,40,52,117588,82392,113048,148552,1,0,17,5,0,0,0,0,0,0,1
VirusShare_2a5fe70687a93f14e5cb0dd546d89f18,4194708,56,64,64,91032,70408,87700,115820,1,0,17,5,0,0,0,0,0,0,1
VirusShare_1f2d9a6d82fd145d6695bcf7483e7eb6,134512996,32,40,52,52784,39144,47960,74308,1,0,17,5,0,0,0,0,0,0,1
VirusShare_1f13b21ba255e53948faa3b425009dc5,134512996,32,40,52,34176,30694,34108,35644,1,0,17,2,0,0,0,0,0,0,1
VirusShare_2ab6e981518e783f55ab6c7ea02aa12c,4194976,32,40,52,93732,73536,84016,109552,1,1,22,6,0,0,0,0,0,0,1
VirusShare_2bab5b3cbc74730f45c6d090d5cf44db,4194708,56,64,64,67024,48760,64168,91664,1,0,17,5,0,0,0,0,0,0,1
VirusShare_01eb7c5906e7d67b922a9a3f6fc7818e,4194912,32,40,52,71304,63840,69028,69824,1,0,18,2,0,0,0,0,0,0,1
VirusShare_2a77fa2955d34b144aba3893b4b57eb6,2147483972,32,40,52,49784,46618,49716,50420,1,0,17,2,0,0,0,0,0,0,1
VirusShare_2a700f592742c9810961521fd0530d11,4194720,32,40,52,52404,49120,52332,53104,1,0,18,2,0,0,0,0,0,0,1
VirusShare_1f0ba48d7a3e0867c91c19ec3d92d69d,65956,32,40,52,51892,49764,51824,52476,1,0,17,2,0,0,0,0,0,0,1
VirusShare_1e458d012d3a3fabfc64336eb81b4390,4194912,32,40,52,66924,62032,65208,65920,1,0,18,2,0,0,0,0,0,0,1
VirusShare_1ef3e8e03eab3153cc48f530a54f3d0b,33108,32,40,52,58720,56364,58604,100924,1,0,18,3,0,0,0,0,0,0,1
VirusShare_2bcc85de2820243d6ed808ec564b054a,4628,32,40,52,37132,8656,16364,17132,1,0,31,4,0,0,0,87,3,6,1
VirusShare_1e927cc6deb8d7602cb8b090ea06e71f,2147483972,32,40,52,33860,32050,33790,34282,1,0,17,2,0,0,0,0,0,0,1
VirusShare_02b0c3d8cb354d4d59e89111430b8328,4194720,32,40,52,59244,47744,56404,81840,1,0,18,5,0,0,0,0,0,0,1
VirusShare_2a65ec7000306e7e412247b39e5ff252,4194708,56,64,64,146112,107688,143144,170640,1,0,17,5,0,0,0,0,0,0,1
VirusShare_2aeeb2d90d4f5a86ce76ff9e02c32ec3,4194976,32,40,52,132176,101264,118372,143940,1,1,22,6,0,0,0,0,0,0,1
VirusShare_02b22447157b3fd4cbf5c58ea9827044,33108,32,40,52,71784,67244,71668,114308,1,0,18,3,0,0,0,0,0,0,1
VirusShare_01fce06225b1e12e863749723f115eec,4194912,32,40,52,68312,65008,68220,68812,1,0,18,2,0,0,0,0,0,0,1
VirusShare_1f4efc054f807b7a6f574bd67da295ca,4194976,32,40,52,267644,173120,187448,196624,1,1,22,15,0,0,0,0,0,0,1
VirusShare_2a6a2927e438a9dcfd7b1cccba72cc8f,4194912,32,40,52,96104,84048,93284,94368,1,0,18,2,0,0,0,0,0,0,1
VirusShare_2b77ff9fde96eddb812aa89e19129762,134512996,32,40,52,33152,28662,32288,33952,1,0,17,2,0,0,0,0,0,0,1
VirusShare_1ea92e809611f6656595b7518f1d06b7,33172,32,40,52,114952,82628,90676,103532,2,0,26,15,0,0,0,0,0,0,1
VirusShare_1f38cc1295b0e6b5c14fad185407ac48,2147483972,32,40,52,51760,48834,51692,52360,1,0,17,2,0,0,0,0,0,0,1
VirusShare_01f561f323829106cd8bf48dcc63b621,65956,32,40,52,123300,73928,115608,141084,1,0,17,14,0,0,0,0,0,0,1
VirusShare_1ec085e40ed7c3801b4042345f114e35,4194912,32,40,52,50956,46544,50864,51676,1,0,18,2,0,0,0,0,0,0,1
VirusShare_2a94de50251556fef9540ca74cf62f78,4194976,32,40,52,98828,76656,87540,113072,1,1,22,6,0,0,0,0,0,0,1
VirusShare_2a2cbd867c27872f5f94313a1636f02b,134512996,32,40,52,42368,38774,42300,43964,1,0,17,2,0,0,0,0,0,0,1
VirusShare_1e592f406eddecc2db0e7a0a1de66d29,33108,32,40,52,80000,75100,79884,122804,1,0,18,3,0,0,0,0,0,0,1
VirusShare_2a5cd6970d7c96beff8af2395c08950f,4194720,32,40,52,56964,44352,52704,78140,1,0,18,5,0,0,0,0,0,0,1
VirusShare_2aa6a7ab8b74fe33d677d56b5cebcf61,4194720,32,40,52,43644,41280,43576,44364,1,0,18,2,0,0,0,0,0,0,1
VirusShare_1e89173b663f7066e5fefbf70698e1ee,268435952,32,40,52,166936,131688,163776,189244,1,0,17,5,0,0,0,0,0,0,1
VirusShare_2b60fcbbee9570c1452170288ba7876c,4194912,32,40,52,80688,74352,80584,81388,1,0,18,2,0,0,0,0,0,0,1
VirusShare_2aaca856ef62c439a60b0fc07eb995f4,65956,32,40,52,47656,42332,47588,48636,1,0,17,2,0,0,0,0,0,0,1
VirusShare_1ff50d7dfa3137a21c7ad659d0e0cada,4194976,32,40,52,101180,80784,90720,115748,1,1,22,6,0,0,0,0,0,0,1
VirusShare_2ab6f654e09c9f4ba4b8327d05837e64,134512996,32,40,52,37088,29702,35776,37600,1,0,17,2,0,0,0,0,0,0,1
VirusShare_2a427fd411322aa559eda726a9c7218a,134512996,32,40,52,63632,59190,63564,65404,1,0,17,2,0,0,0,0,0,0,1
VirusShare_2bd6cdd2af74ef472a7dd8a6bb5ee942,4194976,32,40,52,111752,89296,100712,126272,1,1,22,6,0,0,0,0,0,0,1
VirusShare_2adffcccc9d366cd210311fed19b8c99,134512996,32,40,52,61352,43512,58432,84772,1,0,17,5,0,0,0,0,0,0,1
VirusShare_2a75341c43a8ece5e0f05236ea5c7195,4194720,32,40,52,74244,57024,71060,96532,1,0,18,5,0,0,0,0,0,0,1
VirusShare_1f115773e81ca7cdde7b887386eb81d0,268435992,32,40,52,77896,65228,74764,103736,2,0,22,5,0,0,0,0,0,0,1
VirusShare_1fed83640d26bba10f639f30f736df63,65956,32,40,52,93484,77856,89188,114664,1,0,17,14,0,0,0,0,0,0,1
VirusShare_01ead1f5a289ff3b9d5a4d634797df86,4194720,32,40,52,59176,47712,56336,81772,1,0,18,5,0,0,0,0,0,0,1
VirusShare_1ebdbe21b35f5bb1291773961dbabdfd,4194912,32,40,52,95588,87728,94128,95592,1,0,18,2,0,0,0,0,0,0,1
VirusShare_2bbe6d63972bdcf9b23e3c4fa472f968,134513000,32,40,52,45260,41105,44332,45952,1,0,17,2,0,0,0,0,0,0,1
VirusShare_1e7dde8a9a420184092312091f7fc7dc,65956,32,40,52,74400,66316,72912,74256,1,0,17,2,0,0,0,0,0,0,1
VirusShare_1fec1560e819009109481f151948a1be,4194976,32,40,52,151132,97920,138760,164324,1,1,22,6,0,0,0,0,0,0,1
VirusShare_002a193886ef54226f73041de941273b,268435952,32,40,52,57156,44348,52232,62196,1,0,17,5,0,0,0,0,0,0,1
VirusShare_1eb50aec1735f441472bf47051b73492,134514221,32,40,52,24680,19993,20643,22271,1,0,17,2,0,0,0,0,0,0,1
VirusShare_2b360a6948645722e89e276d3a0fdb93,33200,32,40,52,98244,76308,90536,116796,1,0,22,11,0,0,0,0,0,0,1
VirusShare_01e3334253a5495d277215e9ede357d5,4194976,32,40,52,235844,112384,224768,250332,1,1,22,6,0,0,0,0,0,0,1
VirusShare_2af1582f1a24580c2839c4b9af9b0814,65956,32,40,52,41420,38252,41148,41912,1,0,17,2,0,0,0,0,0,0,1
VirusShare_2a3321a694468d0e2713ddfaf0ccb5fb,4194912,32,40,52,103936,98480,103640,104680,1,0,18,2,0,0,0,0,0,0,1
VirusShare_1f1eb8be154a7a4e1eb7bb999aa1db08,268435952,32,40,52,62412,55204,62328,63448,1,0,17,2,0,0,0,0,0,0,1
VirusShare_1f4902e7c5083e6ba3506c8ae271ea34,4194720,32,40,52,115980,94112,112792,138664,1,0,18,5,0,0,0,0,0,0,1
VirusShare_1eaf87cd532ac066d0c3b5e828e813dd,134512996,32,40,52,70272,48680,63816,90188,1,0,17,5,0,0,0,0,0,0,1
VirusShare_2bb95df00d79f623743056537b3462f0,65956,32,40,52,210404,94116,205216,230692,1,0,17,14,0,0,0,0,0,0,1
VirusShare_2a17b08a546e4f0d52351a6022128dad,4194976,32,40,52,109556,85600,98584,123572,1,1,22,6,0,0,0,0,0,0,1
VirusShare_1ff256d65c7cc146bf98b1431c745387,4194720,32,40,52,82624,75456,82556,84340,1,0,18,2,0,0,0,0,0,0,1
VirusShare_1fc4f0f6646303e89b24a923a7e7f644,33172,32,40,52,107616,78060,83892,96308,2,0,26,15,0,0,0,0,0,0,1
VirusShare_1e50db38d5761a62c0bbf6aefec3bd31,4201104,32,40,52,74864,57568,79932,96940,1,0,34,2,0,0,0,170,1,3,1
VirusShare_1e7afd87e3a0a5d7af771746fc0c7a0f,2147483972,32,40,52,153268,120560,150140,175600,1,0,17,5,0,0,0,0,0,0,1
VirusShare_1ed7969b791d6a4b74eadaf9a8455cce,4194976,32,40,52,182068,150672,168340,194356,1,1,22,6,0,0,0,0,0,0,1
VirusShare_2b94a83bea975029b0a2c4b47964a37e,134512996,32,40,52,49452,46998,49384,50940,1,0,17,2,0,0,0,0,0,0,1
VirusShare_2aa46ea60e02650134d8baa3a65634f7,4194976,32,40,52,106020,82928,93440,118976,1,1,22,6,0,0,0,0,0,0,1
VirusShare_1e9dc1afd0903e84663a4201f563ec74,4856,56,64,64,78504,61796,71628,74276,1,0,39,3,0,0,0,0,1,0,1
VirusShare_1fecffee5b30f119c85f53381e3b64bc,268435952,32,40,52,57984,53640,56932,57808,1,0,17,2,0,0,0,0,0,0,1
VirusShare_2a31c58d922ee573dacc158bbb3cfbaa,134512996,32,40,52,99468,57144,92936,119308,1,0,17,5,0,0,0,0,0,0,1
VirusShare_02a42f6189a6b1923883aac908017ccd,134512996,32,40,52,53632,48038,53248,54912,1,0,17,2,0,0,0,0,0,0,1
VirusShare_1ecb4c66b4d48e56863b33ce739d2848,4198528,32,40,52,23784,16480,26486,27622,1,1,38,6,0,0,0,99,1,3,1
VirusShare_1f788b68ed57d25eeb793087c3c29118,268435952,32,40,52,43296,38136,43216,44256,1,0,17,2,0,0,0,0,0,0,1
VirusShare_1e05433c1459a5fe8d5cf7c17c6a7304,33108,32,40,52,66208,63052,65352,107672,1,0,18,3,0,0,0,0,0,0,1
VirusShare_01fe596ecf9dd9b696cc847be3214a32,134512996,32,40,52,94208,49912,91072,117412,1,0,17,5,0,0,0,0,0,0,1
VirusShare_1fcea8e0fc07fd788edc6693c65fb51a,4194720,32,40,52,54040,48608,53964,54980,1,0,18,2,0,0,0,0,0,0,1
VirusShare_2a5c1793ae847033d8232ce3440628dd,268435952,32,40,52,57984,52192,56876,57672,1,0,17,2,0,0,0,0,0,0,1
VirusShare_2bc993e44614251a08e1fc48009b154e,4194708,56,64,64,72928,56472,69960,97488,1,0,17,5,0,0,0,0,0,0,1
VirusShare_2a200e0c70706515511a26c1cf93cc61,2147483972,32,40,52,114992,76752,111792,137248,1,0,17,5,0,0,0,0,0,0,1
VirusShare_1f89adaee9e3bb651fb1e836e660a574,2147483972,32,40,52,49368,47478,49300,49872,1,0,17,2,0,0,0,0,0,0,1
VirusShare_1f69efede9600ff3af8115a2f97b25f4,2147483972,32,40,52,82088,67356,79124,104564,1,0,17,5,0,0,0,0,0,0,1
VirusShare_2aed38af918004b2a3c65f50f7afcf80,4194720,32,40,52,148464,114080,145332,170796,1,0,18,5,0,0,0,0,0,0,1
VirusShare_1e42b9bee1005b1a04f1d1ba5e97dbcd,2147483972,32,40,52,71644,66094,71576,72716,1,0,17,2,0,0,0,0,0,0,1
VirusShare_1f4c92d419d34b0d0e6c0b690d82115a,4194720,32,40,52,65968,60832,65432,66672,1,0,18,2,0,0,0,0,0,0,1
VirusShare_1f2a68c4273bee86f2ced605b4036e7e,4194976,32,40,52,139788,111392,128612,154172,1,1,22,6,0,0,0,0,0,0,1
VirusShare_2b0fd664ed2f96d0aaa606df4a2f5bb4,4194720,32,40,52,39956,34816,39888,40928,1,0,18,2,0,0,0,0,0,0,1
VirusShare_2b677d56c444b3638f0c1a9833be817c,2147483972,32,40,52,70436,62094,70368,81728,1,0,17,2,0,0,0,0,0,0,1
VirusShare_02a73b5ba49eb6460e0b67bb06faeac1,4194976,32,40,52,148788,98080,135788,161348,1,1,22,6,0,0,0,0,0,0,1
VirusShare_2bbdaec527aac305aa06a65f38c403e9,2147483972,32,40,52,119960,84332,116868,142480,1,0,17,5,0,0,0,0,0,0,1
VirusShare_1fb2a54fe190771072bf0e44dc31139f,65956,32,40,52,188192,146804,180032,205516,1,0,17,14,0,0,0,0,0,0,1
VirusShare_1fcf2e50294fe7d5220ad4ef82c49765,4194976,32,40,52,85416,66720,76036,101580,1,1,22,6,0,0,0,0,0,0,1
VirusShare_2a1a5f6900f50f69207160f8be85191d,4194976,32,40,52,103324,78432,93020,118556,1,1,22,6,0,0,0,0,0,0,1
VirusShare_01f3814a769c6a31befe6eabfe6ec800,268435952,32,40,52,69512,56712,65688,91124,1,0,17,5,0,0,0,0,0,0,1
VirusShare_1e85eb0fafa53968c4723931ec7a65ff,2147483972,32,40,52,55364,53358,55296,55868,1,0,17,2,0,0,0,0,0,0,1
VirusShare_1f6f56260187a6a5fefc4cf78cb9c243,4194720,32,40,52,61132,48352,57144,82584,1,0,18,5,0,0,0,0,0,0,1
VirusShare_1e6e104cc3ee5f23bf47a1e3790df313,38824,32,40,52,815196,568380,705940,751056,2,0,29,14,0,0,0,0,0,0,1
VirusShare_2b8dd607bdd5d49a3cd61bcde65dd377,33232,32,40,52,112296,76876,85812,114792,2,0,26,15,0,0,0,0,0,0,1
VirusShare_2b1365829eaf398dd902c519020cb4fc,65956,32,40,52,120292,94224,115760,141236,1,0,17,14,0,0,0,0,0,0,1
VirusShare_2a9549b8b103fbe1d2d2aad225b51824,134513000,32,40,52,82540,64340,79008,105732,1,0,17,5,0,0,0,0,0,0,1
VirusShare_2bc0331ff3036b57c96d212284ed54e9,268435952,32,40,52,63708,59008,63628,64868,1,0,17,2,0,0,0,0,0,0,1
VirusShare_1e68aec30ee18e18f87ed6cede35707e,134512996,32,40,52,82276,61784,76712,103052,1,0,17,5,0,0,0,0,0,0,1
VirusShare_2bf31da8e7ad4140bdee92c790744a2a,134512996,32,40,52,97472,51080,93096,119436,1,0,17,5,0,0,0,0,0,0,1
VirusShare_1f002f721c26cea670bc59b2a3e135b2,4194912,32,40,52,71524,66224,71420,72252,1,0,18,2,0,0,0,0,0,0,1
VirusShare_1e50359f77c36ebfffbb74cedb387322,4194720,32,40,52,82652,75424,82584,84424,1,0,18,2,0,0,0,0,0,0,1
VirusShare_1fa78715f38aae688258589a72e2c68f,33232,32,40,52,110248,75692,83764,112744,2,0,26,15,0,0,0,0,0,0,1
VirusShare_1e387fc715eb44e3cebadb5f87d452fa,2147483972,32,40,52,52676,49774,52608,53228,1,0,17,2,0,0,0,0,0,0,1
VirusShare_1ef6a649d90b96c570da578056b06ce2,4194720,32,40,52,55780,50016,55712,56956,1,0,18,2,0,0,0,0,0,0,1
VirusShare_2a1ec9da8c2c827870337c93a1244b23,4195024,32,40,52,111732,88592,100128,129224,2,1,26,6,0,0,0,0,0,0,1
VirusShare_01e70bd342dfd906a8c87a4699491bed,268435952,32,40,52,50852,48700,50772,51412,1,0,17,2,0,0,0,0,0,0,1
VirusShare_1e0451caea33f6107986fc64b161d2cf,268435952,32,40,52,70708,58632,67692,93144,1,0,17,5,0,0,0,0,0,0,1
VirusShare_2bcaa9f28d8a272c091fff2155639ea3,134512996,32,40,52,146248,99096,141400,182240,1,0,17,5,0,0,0,0,0,0,1
VirusShare_1f1faa4bc49264675b1935ca371e54ba,268435952,32,40,52,61892,57012,61512,62552,1,0,17,2,0,0,0,0,0,0,1
VirusShare_2b4834648f288803e9d9a36ca82fb89a,4194976,32,40,52,139772,111392,128596,154156,1,1,22,6,0,0,0,0,0,0,1
VirusShare_01ed4b77abb64024f4b541fc2ea8cb3b,33172,32,40,52,88960,61332,65332,77864,2,0,26,15,0,0,0,0,0,0,1
VirusShare_1e3298a59738cf8ef475ed48ff546de6,4194976,32,40,52,93732,73600,84080,109616,1,1,22,6,0,0,0,0,0,0,1
VirusShare_2aeb2e80dc43fe9c8cbfbbfd84a447cd,4194912,32,40,52,60176,55632,60072,60956,1,0,18,2,0,0,0,0,0,0,1
VirusShare_2b09b2628e06d181f5a661c934ea97d4,134512996,32,40,52,74112,66598,72256,74496,1,0,17,2,0,0,0,0,0,0,1
VirusShare_2abb22af8475bb88ed6553f5ae567010,4194720,32,40,52,64884,53728,61944,86880,1,0,18,5,0,0,0,0,0,0,1
VirusShare_2aa358927342d4cca1038a12546bae73,4194708,56,64,64,75440,55128,72488,100048,1,0,17,5,0,0,0,0,0,0,1
VirusShare_1f3a37a7be8ad089dc85f5891f59341b,33172,32,40,52,84824,58008,61388,73900,2,0,26,15,0,0,0,0,0,0,1
VirusShare_1e3911b09e29fe3a58d1c14d6444e138,65956,32,40,52,132044,108532,127604,153400,1,0,17,14,0,0,0,0,0,0,1
VirusShare_2b93b9b57f5e202a24e267a6230609d8,268435952,32,40,52,82324,68124,79200,104660,1,0,17,5,0,0,0,0,0,0,1
VirusShare_1f75f93765b71e651f53b399c228923f,4194976,32,40,52,217604,170336,204536,230100,1,1,22,6,0,0,0,0,0,0,1
VirusShare_1f6b96d389d5a606b13011b10127d9e2,268435952,32,40,52,172040,124384,164816,201988,1,0,17,5,0,0,0,0,0,0,1
VirusShare_2aabcb8c2f326170d26a138e1d4bae51,33172,32,40,52,114392,84728,90052,102768,2,0,26,15,0,0,0,0,0,0,1
VirusShare_2ba9f4862f09e8b54b2e9d27013932cc,33172,32,40,52,107128,77452,83580,96000,2,0,26,15,0,0,0,0,0,0,1
VirusShare_2bbc694d3ca42d20aa51a4245e86f105,4194976,32,40,52,116264,86848,103512,129076,1,1,22,6,0,0,0,0,0,0,1
VirusShare_1fc550900f60c03620048c673c1ad9c4,33172,32,40,52,100872,75016,77972,90280,2,0,26,15,0,0,0,0,0,0,1
VirusShare_2a94cbc343407d0f84c1206425669708,33200,32,40,52,86772,71604,80220,106440,1,0,22,11,0,0,0,0,0,0,1
VirusShare_1eac2d68f7bbd4cc7eb2fed1eb7e1045,33232,32,40,52,144352,98832,117596,146832,2,0,26,15,0,0,0,0,0,0,1
VirusShare_2ba8dc8ffdd207e4547738b49222581d,33200,32,40,52,98244,76308,90288,116548,1,0,22,11,0,0,0,0,0,0,1
VirusShare_2a4c5f1d9c93436834377874f005222d,4195024,32,40,52,115952,93616,104156,133240,2,1,26,6,0,0,0,0,0,0,1
VirusShare_2b08964ed7130ca3b1566cb5161769e2,475640,32,40,52,276,2088920,3724043,3809555,1,1,10781,4,0,0,0,0,0,0,1
VirusShare_2b03a6f55ede394238f82644fe10319d,2147483972,32,40,52,76112,64672,73272,98708,1,0,17,5,0,0,0,0,0,0,1
VirusShare_2a4ee0387c5c8a29ff42e764c029a809,4194708,56,64,64,101152,73592,98184,125712,1,0,17,5,0,0,0,0,0,0,1
VirusShare_2a453279b0f0cee20659ba3db29f80de,268435952,32,40,52,66168,58464,65368,66728,1,0,17,2,0,0,0,0,0,0,1
VirusShare_1e98ee620da704f198790e0bc7753bdc,33108,32,40,52,59200,56828,59084,101404,1,0,18,3,0,0,0,0,0,0,1
VirusShare_2b2f1cb1bf0f73859e04a77435dd2d09,268435952,32,40,52,50852,48700,50772,51412,1,0,17,2,0,0,0,0,0,0,1
VirusShare_1fe4dac2e3e78ef288eb417326059289,134513000,32,40,52,1122144,51332,1118728,1145068,1,0,17,5,0,0,0,0,0,0,1
VirusShare_1f32e11d7f03efd8fa6b7c380a61844f,268435952,32,40,52,56344,52928,56264,57036,1,0,17,2,0,0,0,0,0,0,1
VirusShare_1f4d36dfd6717517cf679e4b3da92793,33172,32,40,52,128304,95592,104556,117244,2,0,26,15,0,0,0,0,0,0,1
VirusShare_2a4de6e0f9bb4e802560b1aa683530a1,33200,32,40,52,98268,79124,91524,117764,1,0,22,11,0,0,0,0,0,0,1
VirusShare_1e84334f7ed257934306cfa380d1e47e,4194976,32,40,52,136988,103136,121972,147524,1,1,22,6,0,0,0,0,0,0,1
VirusShare_1f7beee46c5a23551cd252db17b41249,268435952,32,40,52,92152,74056,89192,114652,1,0,17,5,0,0,0,0,0,0,1
VirusShare_1e1490def659ef4ea6bbd1996685a980,4194912,32,40,52,79244,72832,77528,78440,1,0,18,2,0,0,0,0,0,0,1
VirusShare_2b3374a2b5dbf7db684260e381896f03,4194708,56,64,64,101152,73592,98184,125712,1,0,17,5,0,0,0,0,0,0,1
VirusShare_1ea661f7447d4060f2eaa6bd7622ffff,4194976,32,40,52,217604,170336,204568,230132,1,1,22,6,0,0,0,0,0,0,1
VirusShare_1ebaa4c3d88fbac67945839f46d5596f,33108,32,40,52,46208,42416,46092,88584,1,0,18,3,0,0,0,0,0,0,1
VirusShare_1e6eb74e62d112e3b0faa57b282561a6,4194720,32,40,52,65968,60832,65380,66620,1,0,18,2,0,0,0,0,0,0,1
VirusShare_1e51a4a55e464b1565c0893f9607b592,65956,32,40,52,103900,86812,99800,125284,1,0,17,14,0,0,0,0,0,0,1
VirusShare_1f7cf7a06080ea927fc0cf5558a696f6,268435952,32,40,52,58508,46412,58076,84600,1,0,17,2,0,0,0,0,0,0,1
VirusShare_1e62c69d7e5489ccc9ee2f1809973782,2147483972,32,40,52,63644,59474,63576,64448,1,0,17,2,0,0,0,0,0,0,1
VirusShare_1ef7be3f17a07c7a72dbfe166b5e12c3,33108,32,40,52,66208,63052,65352,107672,1,0,18,3,0,0,0,0,0,0,1
VirusShare_1ef571705a2244697691a99167dde4d9,134512996,32,40,52,34608,31542,34540,36316,1,0,17,2,0,0,0,0,0,0,1
VirusShare_1f777cc81b5e5f029407b750e1a5bc19,4194976,32,40,52,85528,66832,76148,101692,1,1,22,6,0,0,0,0,0,0,1
VirusShare_2aa3b31b4858e3e4bb1d1470967fe603,4194720,32,40,52,50936,48800,50868,51508,1,0,18,2,0,0,0,0,0,0,1
VirusShare_1e785bb12185b373f162cb16f0ad1f4f,65956,32,40,52,188192,146804,179760,205244,1,0,17,14,0,0,0,0,0,0,1
VirusShare_02a70726f7f5cc1a4116309070e3d911,4194976,32,40,52,159472,124784,148288,173852,1,1,22,6,0,0,0,0,0,0,1
VirusShare_2a674288fdbe10731cc6d3d2fcd77e31,2147483972,32,40,52,52400,50450,52330,52902,1,0,17,2,0,0,0,0,0,0,1
VirusShare_2b94b4cd9465826c76f87a5379799533,33200,32,40,52,98244,76308,90288,116548,1,0,22,11,0,0,0,0,0,0,1
VirusShare_1e131ed36782df1a0c4580c85ac89c2b,4194912,32,40,52,91580,83472,89316,90632,1,0,18,2,0,0,0,0,0,0,1
VirusShare_1fc3d6875f9d5c3a5574977b9a6dcb96,268435952,32,40,52,110924,85112,105964,131424,1,0,17,5,0,0,0,0,0,0,1
VirusShare_2ba839ecb5c15025e488c5dd11cbae4c,4194708,56,64,64,146112,107688,143144,170640,1,0,17,5,0,0,0,0,0,0,1
VirusShare_2bb8a1930ae1b66b63f59b5ac0664c96,134513000,32,40,52,70048,50404,64968,91340,1,0,17,5,0,0,0,0,0,0,1
VirusShare_2b5be92facd12626d301ae95d546ac68,4194912,32,40,52,71008,64400,70184,70984,1,0,18,2,0,0,0,0,0,0,1
VirusShare_2b82ac66433527b523696f3d444ce07e,4194720,32,40,52,82396,64352,79460,104920,1,0,18,5,0,0,0,0,0,0,1
VirusShare_2a532ac01fb5dd356cbefc2886eee9ca,134512996,32,40,52,115124,87864,110912,138124,1,0,17,5,0,0,0,0,0,0,1
VirusShare_1e8851404e908c1f3abcd40375b4aebf,268435952,32,40,52,39464,35960,39384,39964,1,0,17,2,0,0,0,0,0,0,1
VirusShare_1f78daaefd6c9a6be6130db6f6a15bf1,4194720,32,40,52,52956,42656,50152,75588,1,0,18,5,0,0,0,0,0,0,1
VirusShare_2bb3bcea812aa27277a1172203eeb6b6,33200,32,40,52,85412,67588,77468,103688,1,0,22,11,0,0,0,0,0,0,1
VirusShare_1f5403683f32f6129a0a73051caf9a7a,33172,32,40,52,102960,75320,79504,92076,2,0,26,15,0,0,0,0,0,0,1
VirusShare_1ece2777cbf74e9526b7be4a55b7dcb6,134512996,32,40,52,26780,24454,26710,28026,1,0,17,2,0,0,0,0,0,0,1
VirusShare_1f81e685fc56434874f382f86d42d6cd,4194912,32,40,52,84544,79728,84452,85436,1,0,18,2,0,0,0,0,0,0,1
VirusShare_2bd37c59a04978f7a82e7a8c60fc5701,134512996,32,40,52,93312,49912,90176,116516,1,0,17,5,0,0,0,0,0,0,1
VirusShare_1f5727c90113250ea320ea765927b75a,134512996,32,40,52,66624,55254,63840,65984,1,0,17,2,0,0,0,0,0,0,1
VirusShare_2baa6f716f62da5dc26328759fd5ea45,4194912,32,40,52,71680,60960,69288,78208,1,0,18,2,0,0,0,0,0,0,1
VirusShare_1e7057c9f90aff6eb82111296191efe0,65956,32,40,52,102676,60836,100796,126312,1,0,17,2,0,0,0,0,0,0,1
VirusShare_2a5048d2f46a942fe81251e68f5887b5,0,32,40,52,24988,12324,24953,24989,1,0,37,5,0,0,0,118,1,18,1
VirusShare_2bfe4ae69c413f334cad0d09b4fc6886,268435952,32,40,52,61104,49764,57280,82720,1,0,17,5,0,0,0,0,0,0,1
VirusShare_1fde441936f2c4f90e0845d87fffcc99,33120,32,40,52,631280,475428,592576,887288,2,1,6178,16,0,0,0,0,0,0,1
VirusShare_2b3fd0b7a4ff487996ccd92f14be01a7,4194912,32,40,52,71008,67088,70312,71024,1,0,18,2,0,0,0,0,0,0,1
VirusShare_2b1d7a6746c6183f3e8b78b809ca1b91,2147483972,32,40,52,59296,55294,59228,59928,1,0,17,2,0,0,0,0,0,0,1
VirusShare_1e75ec10200718791922e65e9a127b91,33200,32,40,52,130676,100484,121816,148060,1,0,22,11,0,0,0,0,0,0,1
VirusShare_1e7dc1985f0193d966ee60fd88182909,134512996,32,40,52,97472,51080,93096,119436,1,0,17,5,0,0,0,0,0,0,1
VirusShare_2bf10ea58ed9b25909969d58758f13e2,33108,32,40,52,59200,56828,59084,101404,1,0,18,3,0,0,0,0,0,0,1
VirusShare_1e39931bf71bb6766f2c79651408422b,134513000,32,40,52,56860,43252,51832,78180,1,0,17,5,0,0,0,0,0,0,1
VirusShare_1f5a7204caca81b3591b2f501d1e0c8e,134512996,32,40,52,78140,59000,72836,99464,1,0,17,5,0,0,0,0,0,0,1
VirusShare_2afbf3b8df77eaf7709743486195fa2d,33232,32,40,52,115536,80556,88996,117992,2,0,26,15,0,0,0,0,0,0,1
VirusShare_2ad7d0a042039df5b6b053202dd328b0,33232,32,40,52,117696,81948,90388,119384,2,0,26,15,0,0,0,0,0,0,1
VirusShare_1f5ea1e0631e3fd4baa58982e5e94dd6,4194912,32,40,52,91888,84608,89644,90512,1,0,18,2,0,0,0,0,0,0,1
VirusShare_1edae2074f708821c9e39b7758c751ff,134513000,32,40,52,54360,43076,51384,77764,1,0,17,5,0,0,0,0,0,0,1
VirusShare_1e7147a48518bfc703eda51f46dec1ed,4194708,56,64,64,75024,55000,71648,99208,1,0,17,5,0,0,0,0,0,0,1
VirusShare_2a6806daae3baeb0366308d4445db5f1,4194912,32,40,52,104892,95680,103432,113312,1,0,18,2,0,0,0,0,0,0,1
VirusShare_2a725944e2ab463742bcd1c170d2c17d,4194708,56,64,64,65136,50936,62020,88892,1,0,17,5,0,0,0,0,0,0,1
VirusShare_1ff34b9ff7553043d5cacdf7296adb4a,0,32,40,52,513460,376192,539268,565449,1,0,37,5,0,0,0,606,1,190,1
VirusShare_1f181d603ce0fb5e6dd2e91eacbee8fa,4194976,32,40,52,116280,86848,103544,129108,1,1,22,6,0,0,0,0,0,0,1
VirusShare_2a82b5f55f8a8d5d854e3843fd204802,268435952,32,40,52,128836,105260,125532,151412,1,0,17,5,0,0,0,0,0,0,1
VirusShare_2a1124891a2ee044310d3d703bf1daea,2147483972,32,40,52,124992,78904,121756,147212,1,0,17,5,0,0,0,0,0,0,1
VirusShare_2a22869764119f6de1a3f63b9a9baafa,33108,32,40,52,70656,63924,69508,112204,1,0,18,3,0,0,0,0,0,0,1
VirusShare_1fcb24e092552fb7cab251f1806db620,134513000,32,40,52,94388,68100,88328,114668,1,0,17,5,0,0,0,0,0,0,1
VirusShare_1f7cb4ff93bbcb14d2fc72f645fb3da7,33108,32,40,52,74732,63848,72060,115012,1,0,18,3,0,0,0,0,0,0,1
VirusShare_1e568af074786ae0f99fdf226b4839a7,33232,32,40,52,185768,141656,158724,188280,2,0,26,15,0,0,0,0,0,0,1
VirusShare_1f7ad5d58630fd61e6f094ad0f1e9088,134513000,32,40,52,56672,43844,52316,78208,1,0,17,5,0,0,0,0,0,0,1
VirusShare_2b0facd83d086c6a9479b5a098ece899,4194976,32,40,52,115496,88976,103436,128992,1,1,22,6,0,0,0,0,0,0,1
VirusShare_1ed0dbc16da500ee9cf5cf63fe0aabc5,0,32,40,52,369488,298860,376927,394003,1,0,45,5,0,0,0,364,1,11,1
VirusShare_02bebc7688ab8205752fdd7f432feff6,4194708,56,64,64,75024,55000,71648,99208,1,0,17,5,0,0,0,0,0,0,1
VirusShare_2b5de741bbe6918771a4189ad911a529,2147483972,32,40,52,84044,79542,83976,93912,1,0,17,2,0,0,0,0,0,0,1
VirusShare_1e7a511a4d661f21d36e902dabe743cf,2147483972,32,40,52,83992,73536,80810,107022,1,0,17,5,0,0,0,0,0,0,1
VirusShare_2bc24a957eb40ba7a9e7d2aa728f4498,0,32,40,52,8520,4174,9143,9143,0,0,41,5,0,0,0,49,1,6,1
VirusShare_2a408c6c6ecc72e7e1f5d646e4294208,4194976,32,40,52,101180,80784,90720,115748,1,1,22,6,0,0,0,0,0,0,1
VirusShare_2a96d9cc26030da1ac75f5fef6688845,33108,32,40,52,75776,68452,75660,118428,1,0,18,3,0,0,0,0,0,0,1
VirusShare_2a6c475bd9a702a455944e0d193d344f,65956,32,40,52,139320,89264,134972,160448,1,0,17,14,0,0,0,0,0,0,1
VirusShare_1ee7109ba6663072d794c01d72d69508,33172,32,40,52,90960,62604,67452,79820,2,0,26,15,0,0,0,0,0,0,1
VirusShare_2aebdaca57b199a008b67c82c3a61557,4194912,32,40,52,79492,72224,78736,79568,1,0,18,2,0,0,0,0,0,0,1
VirusShare_1e70e2a7e7cba47a94fdcb0a4834e126,4194912,32,40,52,71732,66384,71628,72460,1,0,18,2,0,0,0,0,0,0,1
VirusShare_2af86646c85c9f700a30ac4eca60b144,134512996,32,40,52,57956,49174,55712,57696,1,0,17,2,0,0,0,0,0,0,1
VirusShare_1f5e119f25cd6029aac333e3d401af15,134513000,32,40,52,70048,50404,65192,91564,1,0,17,5,0,0,0,0,0,0,1
VirusShare_1ed9305a870b06057e656c029b8562a6,65956,32,40,52,61568,56148,61500,62332,1,0,17,2,0,0,0,0,0,0,1
VirusShare_1e81dab6860dc0c9e4399ef5d440ff4f,134513000,32,40,52,98708,72948,92712,119052,1,0,17,5,0,0,0,0,0,0,1
VirusShare_1fd796c64a52cf7bd46f9cafee03e31b,268435952,32,40,52,65988,60536,65156,66396,1,0,17,2,0,0,0,0,0,0,1
VirusShare_1fff6db4b64318fd2d32298c12252867,0,32,40,52,58372,30904,56570,57187,1,0,41,5,0,0,0,184,1,4,1
VirusShare_2aa3b3ed3dac996d1d37fba081435563,4194976,32,40,52,120344,93584,106684,132244,1,1,22,6,0,0,0,0,0,0,1
VirusShare_2b83989bdfa1120bad846a29c648f804,268435952,32,40,52,47164,45044,47084,47724,1,0,17,2,0,0,0,0,0,0,1
VirusShare_2bbcaff433b2b6708287edd36499fcba,4194720,32,40,52,61360,47328,57216,82660,1,0,18,5,0,0,0,0,0,0,1
VirusShare_1e072559b867345bb5c4826f8becc2d2,268435952,32,40,52,65988,60536,65156,66396,1,0,17,2,0,0,0,0,0,0,1
VirusShare_2a6b79665571e0b0e4d5cdd3515eb83a,33200,32,40,52,89660,70244,82244,108472,1,0,22,11,0,0,0,0,0,0,1
VirusShare_1e75a441f1755c8075c450c0ac29264c,4194720,32,40,52,50936,48800,50868,51508,1,0,18,2,0,0,0,0,0,0,1
VirusShare_1e9c3518f1b6714eca4e4f65020aa7f4,134512996,32,40,52,20860,19094,20750,22034,1,0,17,2,0,0,0,0,0,0,1
VirusShare_2a3db290fc16d3e18f03a347c267de0d,33108,32,40,52,79132,74188,79016,121936,1,0,18,3,0,0,0,0,0,0,1
VirusShare_2b3dae03c994619ffe72bd8393f88b58,2147483972,32,40,52,94628,75364,91320,118540,1,0,17,5,0,0,0,0,0,0,1
VirusShare_2bb21a3eb3cdc4253024d1dd62c6ba2e,134513000,32,40,52,65808,61937,65740,67484,1,0,17,2,0,0,0,0,0,0,1
VirusShare_1e350adc198d0f4145896c223c0ed908,65956,32,40,52,146032,120780,141556,167480,1,0,17,14,0,0,0,0,0,0,1
VirusShare_2b4d89988bbe0bf47b85a61d05b44d6b,134512996,32,40,52,48688,37832,45784,72132,1,0,17,5,0,0,0,0,0,0,1
VirusShare_2aa5be809f844b2f28f53e991f28ec89,134512996,32,40,52,94464,49912,91328,117668,1,0,17,5,0,0,0,0,0,0,1
VirusShare_1ed1300ccc97c74320344c57d93b82b0,134512996,32,40,52,73812,53704,69256,95596,1,0,17,5,0,0,0,0,0,0,1
VirusShare_2ba7abb58e1dd61b928becbe14bb0845,134512996,32,40,52,41344,34726,39968,41888,1,0,17,2,0,0,0,0,0,0,1
VirusShare_1f6969b8e69205ece24071061b2c8bd7,134513000,32,40,52,48868,35492,43856,54764,1,0,17,5,0,0,0,0,0,0,1
VirusShare_1e7521626b4aafeff5f8c840e3f9b499,268435952,32,40,52,78504,70900,78004,79412,1,0,17,2,0,0,0,0,0,0,1
VirusShare_1f527e0bfc16ab15950eee749bf890fa,134513000,32,40,52,69792,54900,66344,92684,1,0,17,5,0,0,0,0,0,0,1
VirusShare_2aacff88af2be6a7ccebc5502d9c5143,134513000,32,40,52,118884,87300,115512,142628,1,0,17,5,0,0,0,0,0,0,1
VirusShare_2bdfe56f59d3904af7e8bde7cda92e6f,33108,32,40,52,66208,63228,65616,107936,1,0,18,3,0,0,0,0,0,0,1
VirusShare_2a617afd4504a8e7e3f50f437b0d0194,4194912,32,40,52,63452,60192,63348,64060,1,0,18,2,0,0,0,0,0,0,1
VirusShare_1fe018109af93a795d6bed27ee68f9c0,33108,32,40,52,67228,62704,67112,109564,1,0,18,3,0,0,0,0,0,0,1
VirusShare_1f9ff389f6fcc92f141b491e85ca9bd9,4194708,56,64,64,95712,77336,92724,120236,1,0,17,5,0,0,0,0,0,0,1
VirusShare_2a51ccc08b8e6c3596d8c872aa6fd552,4194912,32,40,52,88812,82880,88720,90036,1,0,18,2,0,0,0,0,0,0,1
VirusShare_2aca4309a952184bee5b6ebfd9c92423,4194720,32,40,52,54280,50720,54212,55048,1,0,18,2,0,0,0,0,0,0,1
VirusShare_2a248c12645d06f91cc92da0e1994457,4194720,32,40,52,50936,48800,50868,51508,1,0,18,2,0,0,0,0,0,0,1
VirusShare_1f10c71191ed6318ab824a236ad199da,134513000,32,40,52,54160,42180,51256,77604,1,0,17,5,0,0,0,0,0,0,1
VirusShare_1ecbf83f664ab7da977d80d0649028e6,65956,32,40,52,61412,56972,61344,62516,1,0,17,2,0,0,0,0,0,0,1
VirusShare_2b7f4621e246921ae83a137951f6340e,65956,32,40,52,77608,62176,73560,84092,1,0,17,5,0,0,0,0,0,0,1
VirusShare_2a723328248128f52d13365fa2aba690,134513000,32,40,52,55724,41300,52712,64196,1,0,17,5,0,0,0,0,0,0,1
VirusShare_2afcf6e586595439c8e57bba117edc32,134512996,32,40,52,69824,62472,67460,77664,1,0,17,5,0,0,0,0,0,0,1
VirusShare_2bcf422898e71317a3172553b42f480b,134513000,32,40,52,54848,48593,54780,64636,1,0,17,2,0,0,0,0,0,0,1
VirusShare_1e630ba08fd4337797c332c216ebeaee,33200,32,40,52,127292,94980,119940,146536,1,0,22,11,0,0,0,0,0,0,1
VirusShare_1e945fae2560d17b212e1143b6c03182,134513000,32,40,52,79188,57716,76032,102372,1,0,17,5,0,0,0,0,0,0,1
VirusShare_1ea8e01db7604683ed46dfd8d43f3cef,4194976,32,40,52,164692,106416,152768,178324,1,1,22,6,0,0,0,0,0,0,1
VirusShare_1f121f35637191662bb60c43e626cd9b,33232,32,40,52,110952,76012,84468,113448,2,0,26,15,0,0,0,0,0,0,1
VirusShare_2bf94a23ad82716012c45dc26b7ce515,4194976,32,40,52,217604,170448,204680,230244,1,1,22,6,0,0,0,0,0,0,1
VirusShare_2a0eeccdf88c59dc886f3b1612cf1068,4194976,32,40,52,93732,73488,83792,109328,1,1,22,6,0,0,0,0,0,0,1
VirusShare_1e127cc3457a05ab63ebc8550a23f6ff,134512996,32,40,52,41376,35766,39360,41152,1,0,17,2,0,0,0,0,0,0,1
VirusShare_2b5b47a26c81e8d65ad609a77c73b059,268435952,32,40,52,118928,94112,115788,141248,1,0,17,5,0,0,0,0,0,0,1
VirusShare_1fa6a762a822d44ac905760243b48c05,33232,32,40,52,115564,80556,88996,117992,2,0,26,15,0,0,0,0,0,0,1
VirusShare_2af69f1d117be1891c429a5e6f703412,4199264,56,64,64,74200,54012,63148,64560,1,0,36,5,0,0,0,58,1,2,1
VirusShare_1f69f3b2bb56081261b066784dca8196,134512996,32,40,52,63084,58262,63016,65180,1,0,17,2,0,0,0,0,0,0,1
VirusShare_1fdc566be7272fc870231b07dc22a082,4194720,32,40,52,74244,57024,71068,96540,1,0,18,5,0,0,0,0,0,0,1
VirusShare_2b1741c35e11783dad7d250ce8bc7638,4194720,32,40,52,64348,59680,64280,65520,1,0,18,2,0,0,0,0,0,0,1
VirusShare_1f4412be762fcabbe2d8ecb22f3cf82b,2147483972,32,40,52,52400,50450,52330,52902,1,0,17,2,0,0,0,0,0,0,1
VirusShare_02a0c5062e8f3225bbdbccd32864271d,134512996,32,40,52,57552,54182,57484,59260,1,0,17,2,0,0,0,0,0,0,1
VirusShare_1ee5df14a05ab81ab7d4b2df4c264b91,33200,32,40,52,98244,76308,90280,116540,1,0,22,11,0,0,0,0,0,0,1
VirusShare_1f4f2a3481c433d449ad85a7ab3b26f1,2147483972,32,40,52,89864,84138,89794,90866,1,0,17,2,0,0,0,0,0,0,1
VirusShare_1f53d5fff19b625737c7fb751a589db3,268435952,32,40,52,66324,54796,63452,88892,1,0,17,5,0,0,0,0,0,0,1
VirusShare_02baa25a55e919eacaab3e26cf7538dd,134513000,32,40,52,134400,100692,131264,157636,1,0,17,5,0,0,0,0,0,0,1
VirusShare_2b75ea825bc64b5379cb8b388190114e,4194912,32,40,52,59048,54432,58944,59756,1,0,18,2,0,0,0,0,0,0,1
VirusShare_2bae559728051898ddf05358ef2622fd,4194976,32,40,52,166856,128336,155740,181308,1,1,22,6,0,0,0,0,0,0,1
VirusShare_1f15bd56138b3d6e47ddb062064b3ad2,134512996,32,40,52,52784,39144,47960,74308,1,0,17,5,0,0,0,0,0,0,1
VirusShare_2a8eb8fdcee943ba196b5a7fc7824219,4194720,32,40,52,90576,69504,85600,111048,1,0,18,5,0,0,0,0,0,0,1
VirusShare_1f7b2990a526d82665e0008fd7a0eb8e,33108,32,40,52,90792,82812,89612,132200,1,0,18,3,0,0,0,0,0,0,1
VirusShare_1e02619ce2aa0a8a3c5403448613f6b5,33200,32,40,52,131300,82216,124444,150680,1,0,22,11,0,0,0,0,0,0,1
VirusShare_2b796c0d9b0fa7ca6533059d11be7693,268435952,32,40,52,50852,48700,50772,51412,1,0,17,2,0,0,0,0,0,0,1
VirusShare_2bd34e52fba323bc3a2d710117a9c354,268435952,32,40,52,66764,62068,66684,67924,1,0,17,2,0,0,0,0,0,0,1
VirusShare_1f31cc79963b50af2389e0ae81bb0765,4194912,32,40,52,192516,175760,192368,201680,1,0,18,2,0,0,0,0,0,0,1
VirusShare_1fd683f32c1565ec4a97b827630f2395,0,32,40,52,151248,78928,96568,98944,1,0,21,14,0,0,0,19,1,0,1
VirusShare_2a9ec73cf5dff120dc91ad9610eb84a1,33172,32,40,52,118544,88888,94332,107248,2,0,26,15,0,0,0,0,0,0,1
VirusShare_2ab23a7716cbaafac4804544f2863955,4194976,32,40,52,116264,86720,103384,128948,1,1,22,6,0,0,0,0,0,0,1
VirusShare_1ee032ea3ba33c951a068ab567d43f41,33172,32,40,52,118544,88888,94332,107248,2,0,26,15,0,0,0,0,0,0,1
VirusShare_2a27f6595bf2321a4f9444b10986a42b,5840,32,40,52,219588,192488,218752,219032,1,0,17,4,0,0,0,67,6,0,1
VirusShare_1fc2a6b0c6e2a7d478e323643d160fb1,33232,32,40,52,117624,80828,90316,119296,2,0,26,15,0,0,0,0,0,0,1
VirusShare_2a4a9a63e807ebd90ebd290262e1f3ae,4194976,32,40,52,127796,97632,116260,141820,1,1,22,6,0,0,0,0,0,0,1
VirusShare_1f86bf816402a1a02691bf7886262416,0,32,40,52,369544,271728,388343,414452,1,0,45,5,0,0,0,309,1,15,1
VirusShare_2aae41806ebd98e5f2298eefabc669fb,33172,32,40,52,117584,89436,94000,106472,2,0,26,15,0,0,0,0,0,0,1
VirusShare_1e8b451eadefedf567902f503ed887f2,0,32,40,52,9473744,4792164,9844727,10398916,1,0,41,5,0,0,0,17953,1,13059,1
VirusShare_1fe0d2e3bc4ceb43327a8be14e7a1180,0,32,40,52,636916,142152,645707,806555,1,0,41,5,0,0,0,274,1,163,1
VirusShare_2a3f492c8ce31d738ee6285aeea1987a,134513028,32,40,52,59028,44232,54308,83296,2,0,21,7,0,0,0,0,0,0,1
VirusShare_2b8f616c0f97dec3d81664c5ca845b7b,33172,32,40,52,84240,48324,58364,86720,2,0,26,15,0,0,0,0,0,0,1
VirusShare_1e7af4b9b271b44e1cb0db0acc180a63,4194708,56,64,64,54480,44662,54208,119872,1,0,17,2,0,0,0,0,0,0,1
VirusShare_02ae15fe9f9bcfebcf6bbfb0badd3bac,134513000,32,40,52,98336,72196,93640,119980,1,0,17,5,0,0,0,0,0,0,1
VirusShare_1ec28f8a5b89408ef5a60d396bd8956a,33200,32,40,52,106820,85268,100112,128408,1,0,22,11,0,0,0,0,0,0,1
VirusShare_2bb347141f7c8a9b05d8d733a62fea8d,4194976,32,40,52,137412,103616,123760,149608,1,1,22,6,0,0,0,0,0,0,1
VirusShare_2b6e0e68247a162900148fe71be08074,4194912,32,40,52,51400,47904,51296,52116,1,0,18,2,0,0,0,0,0,0,1
VirusShare_2a2c7fd488ed615367358a754f61086a,33108,32,40,52,82768,76928,80828,123304,1,0,18,3,0,0,0,0,0,0,1
VirusShare_1e468b3c1d11a21399d2c658f0c27e0f,4194720,32,40,52,50272,38880,49376,112696,1,0,18,2,0,0,0,0,0,0,1
VirusShare_2b796f65b4e7196672a5ab57d4d418dc,2147483972,32,40,52,44552,42222,44484,45284,1,0,17,2,0,0,0,0,0,0,1
VirusShare_2a952c72af820e6cfeafa0df895426e4,4194912,32,40,52,63036,56672,61896,62792,1,0,18,2,0,0,0,0,0,0,1
VirusShare_2a92677cd6ebaf115007b7db8b9f9b6c,65956,32,40,52,146072,120780,141596,167520,1,0,17,14,0,0,0,0,0,0,1
VirusShare_1e30c7e3ca22236f11e9361f1c4bd0df,4194720,32,40,52,63964,60192,63896,64692,1,0,18,2,0,0,0,0,0,0,1
VirusShare_2ae0266c397148ac09f957911bac4348,33200,32,40,52,98036,76648,90044,116284,1,0,22,11,0,0,0,0,0,0,1
VirusShare_1e575138d9bd5514e4d6603951089f7e,4194912,32,40,52,144996,134112,141808,143448,1,0,18,2,0,0,0,0,0,0,1
VirusShare_2b6012fdcd4414c64084a27b9bff4b24,4194708,56,64,64,87912,63672,84884,112972,1,0,17,5,0,0,0,0,0,0,1
VirusShare_2a304b920529583b8857cba874766120,4831847088,56,64,64,160840,90816,112856,145360,2,0,22,15,0,0,0,0,0,0,1
VirusShare_1e18b30485bcc21b6d58e24a1bb645e6,4194976,32,40,52,101180,80784,90720,115748,1,1,22,6,0,0,0,0,0,0,1
VirusShare_1efebf061fdf6dbd26668063ae30f33e,2147483972,32,40,52,58652,55578,58584,59280,1,0,17,2,0,0,0,0,0,0,1
VirusShare_2b72c7b4bc6b9ce471b5092ab734724f,33172,32,40,52,110776,81144,87264,100164,2,0,26,15,0,0,0,0,0,0,1
VirusShare_02b78d534eb12479c6254e3bff1e7d28,36080,32,40,52,45660,40800,45412,45796,1,0,33,3,0,0,0,62,1,0,1
VirusShare_2a018d2d696ec2ad9ad2c3ea3d0ca47b,4194708,56,64,64,68736,53400,65836,93356,1,0,17,5,0,0,0,0,0,0,1
VirusShare_1f79046d6e976ae8f8aa33ffe5ceb63d,33200,32,40,52,123144,95908,116312,142544,1,0,22,11,0,0,0,0,0,0,1
VirusShare_1f4150ff72d850cbb2106c371da212af,65956,32,40,52,107016,83348,102684,128392,1,0,17,14,0,0,0,0,0,0,1
VirusShare_2b1d787ea130b5b55d7043c0a2c94b6d,4194720,32,40,52,65448,48928,62116,87552,1,0,18,5,0,0,0,0,0,0,1
VirusShare_1e8e5db1dc76431ad83899fbcc0bd442,268435952,32,40,52,100072,68972,96320,121772,1,0,17,5,0,0,0,0,0,0,1
VirusShare_1fa1923cd05cc7e0a992081640e31fb4,2147483972,32,40,52,98588,82364,95460,121408,1,0,17,5,0,0,0,0,0,0,1
VirusShare_1f7bd2a15c658fb08ef1a18a29d2168c,4194912,32,40,52,149100,139712,147656,149288,1,0,18,2,0,0,0,0,0,0,1
VirusShare_2a741a624e5770999e4e749158a8a995,134512996,32,40,52,43168,38998,43100,44796,1,0,17,2,0,0,0,0,0,0,1
VirusShare_1f03442541638b7ef167a744a92d8b8d,2147483972,32,40,52,52400,50450,52330,52902,1,0,17,2,0,0,0,0,0,0,1
VirusShare_1f314777edacbdae4265c0d036e1bd99,2147487256,32,40,52,53616,46714,53883,54675,1,0,32,2,0,0,0,52,1,0,1
VirusShare_1f0b9966bb2ed82a6fdb1d1db4c0d31f,4194720,32,40,52,51792,47712,51724,60760,1,0,18,2,0,0,0,0,0,0,1
VirusShare_1fb4541c4a939cdc62d2edf7bf0a6d1b,134512996,32,40,52,78152,56072,74656,101260,1,0,17,5,0,0,0,0,0,0,1
VirusShare_1f5fa15614597ba56d22cdad03811f0a,4194720,32,40,52,71436,66720,71368,72408,1,0,18,2,0,0,0,0,0,0,1
VirusShare_1e226fe3573fac948beb7a4e0216b806,4194720,32,40,52,74164,68160,72760,74000,1,0,18,2,0,0,0,0,0,0,1
VirusShare_1e773ab4c4f51d237d9eb96f4698a636,4194912,32,40,52,75232,62560,75128,138552,1,0,18,2,0,0,0,0,0,0,1
VirusShare_2adc0e2291b3a5dafdcf0e06cf43bf74,33108,32,40,52,82592,76524,81304,124224,1,0,18,3,0,0,0,0,0,0,1
VirusShare_2add8c5d4cd307a7ffc5dd1c0f71edd9,4194720,32,40,52,123444,98656,118916,144792,1,0,18,5,0,0,0,0,0,0,1
VirusShare_2a841663a6774beff6e83c9891e0b93e,4194720,32,40,52,102716,77440,97680,123132,1,0,18,5,0,0,0,0,0,0,1
VirusShare_1e91fde256c44e7535ee35ce856740ce,268435952,32,40,52,53700,48232,52868,53596,1,0,17,2,0,0,0,0,0,0,1
VirusShare_01ebfa4550a28569418db0ee57238d73,4194720,32,40,52,209908,197568,207892,217424,1,0,18,2,0,0,0,0,0,0,1
VirusShare_1f27b732f1873610384cf7adc20d0b97,4194912,32,40,52,64060,60784,63956,64668,1,0,18,2,0,0,0,0,0,0,1
VirusShare_2a54d7a6c0a5a79252e464d75a132e36,4194720,32,40,52,63944,59328,63876,65116,1,0,18,2,0,0,0,0,0,0,1
VirusShare_2b1c60441eeee677273a040807946939,4194976,32,40,52,152540,96512,140920,166468,1,1,22,6,0,0,0,0,0,0,1
VirusShare_1fefdfec84ca93b1db9a6ac58e0a12ca,4194708,56,64,64,67080,50856,64180,91660,1,0,17,5,0,0,0,0,0,0,1
VirusShare_2a54a7944a8f09dab7fb99f2a8d1dae9,4194912,32,40,52,54660,49584,53088,53920,1,0,18,2,0,0,0,0,0,0,1
VirusShare_1e6e185a2e5d21b33399b6e89410a270,4194912,32,40,52,88812,82880,88720,90036,1,0,18,2,0,0,0,0,0,0,1
VirusShare_2a9427feb079215a002f554652e8e36b,33108,32,40,52,74728,59156,72352,221216,1,0,18,3,0,0,0,0,0,0,1
VirusShare_2b87b34bc62a4eb96c383308884cd1ce,33108,32,40,52,80192,76144,80076,122552,1,0,18,3,0,0,0,0,0,0,1
VirusShare_1f4e6bf36804dbbc05c4aa3206d66ec8,65956,32,40,52,62888,57452,62820,63572,1,0,17,2,0,0,0,0,0,0,1
VirusShare_1fc48e5a58271acc99e18636d1cdc888,4194720,32,40,52,43232,26400,43164,174284,1,0,18,2,0,0,0,0,0,0,1
VirusShare_1f302d8592d256ead4d1a482a3593517,4194720,32,40,52,43804,41760,43736,44376,1,0,18,2,0,0,0,0,0,0,1
VirusShare_2ab7f735610c6b8bf49bad962bd6a868,33172,32,40,52,122736,84232,96552,109728,2,0,26,15,0,0,0,0,0,0,1
VirusShare_2a18a24bde4df619ba656d9efcc05bab,33232,32,40,52,146720,100324,118952,148244,2,0,26,15,0,0,0,0,0,0,1
VirusShare_2b6473a23b776d0b6ceebfaca8a9a959,2147483972,32,40,52,65540,61206,65472,66492,1,0,17,2,0,0,0,0,0,0,1
VirusShare_2a90af475c0f43ed3e60148966d3a99d,134513000,32,40,52,98448,75140,94916,121992,1,0,17,5,0,0,0,0,0,0,1
VirusShare_2a21e12b15229306cc6bef22bf69db31,4194720,32,40,52,132260,112192,128660,154668,1,0,18,5,0,0,0,0,0,0,1
VirusShare_01f9512af146932997c4eae69c486c63,268435952,32,40,52,118976,95352,113824,139644,1,0,17,5,0,0,0,0,0,0,1
VirusShare_2b9adfbffd41ed53a16e00cc5679f607,33172,32,40,52,107096,77452,83548,95968,2,0,26,15,0,0,0,0,0,0,1
VirusShare_1f3bcdf095d959ecf0cc17c699af5008,2147483972,32,40,52,68780,57664,65976,91412,1,0,17,5,0,0,0,0,0,0,1
VirusShare_2a154b6914328a0e5f9bea6eb6c82739,2147483972,32,40,52,497728,471646,497658,510238,1,0,17,2,0,0,0,0,0,0,1
VirusShare_2bee4e9dc05ca4a211220bfb0ce9711d,4194720,32,40,52,52956,42656,50152,75588,1,0,18,5,0,0,0,0,0,0,1
VirusShare_1e9d161bbbb0eab34f7d7650b48f194e,4194708,56,64,64,99752,74664,96692,124972,1,0,17,5,0,0,0,0,0,0,1
VirusShare_01e260f676e4ef84fbce72ecc6cc9339,2147483972,32,40,52,61064,56022,60996,61672,1,0,17,2,0,0,0,0,0,0,1
VirusShare_1fbbf7436a9dc27b86d63b08c1a9a6fa,4194976,32,40,52,133124,100528,121468,147252,1,1,22,6,0,0,0,0,0,0,1
VirusShare_2a822710b5f846bb914565be9cad420b,134513000,32,40,52,103100,57028,99688,126028,1,0,17,5,0,0,0,0,0,0,1
VirusShare_1f530d1cc4ddf64c5653d07c186562a7,33172,32,40,52,102848,75048,79408,92364,2,0,26,15,0,0,0,0,0,0,1
VirusShare_1f0a4d3ad52521670f3ca3c434f13b3f,4194912,32,40,52,66924,62032,65192,65904,1,0,18,2,0,0,0,0,0,0,1
VirusShare_1ff715f9eb555c246cb724e1afede1e1,2147487256,32,40,52,53616,46714,53882,54674,1,0,32,2,0,0,0,52,1,0,1
VirusShare_2ac34e167ccb0c87b056bd8695298338,33172,32,40,52,62488,58428,62044,74124,2,0,26,3,0,0,0,0,0,0,1
VirusShare_2aa6fb6fea5a3e09cd6ab7055407d8c8,4194708,56,64,64,114568,62552,111528,139056,1,0,17,5,0,0,0,0,0,0,1
VirusShare_1f045598fa701b323f1760cbfff25012,4194912,32,40,52,91884,86528,91560,92432,1,0,18,2,0,0,0,0,0,0,1
VirusShare_01f3ad2304f8bd5f7af62b15025293c9,4194976,32,40,52,101180,80784,90736,115764,1,1,22,6,0,0,0,0,0,0,1
VirusShare_1fae0db9322233c312c75314f8427764,69108,32,40,52,56628,36028,42636,43976,1,0,40,11,0,0,0,59,1,0,1
VirusShare_1f5d32cfbc73c39bff4cbd1827bbd1ec,134512996,32,40,52,86580,58888,79872,106604,1,0,17,5,0,0,0,0,0,0,1
VirusShare_2ab1b77f17c78f44381772de4748feea,134513000,32,40,52,52932,42388,49976,76356,1,0,17,5,0,0,0,0,0,0,1
VirusShare_2acc817f1189df770924a3c0d8da3821,33172,32,40,52,117584,89436,94004,106476,2,0,26,15,0,0,0,0,0,0,1
VirusShare_1f87549d3821fe8434becbca6d7de3f8,134512996,32,40,52,41472,37014,41216,51008,1,0,17,2,0,0,0,0,0,0,1
VirusShare_2a9f5d3fb47838937d282c552865863f,4208000,56,64,64,414584,291520,426628,528686,2,0,43,5,0,0,0,146,1,9,1
VirusShare_1f27b4a88ee59a1da4ec63c16abafc64,134512996,32,40,52,49452,45398,49384,50940,1,0,17,2,0,0,0,0,0,0,1
VirusShare_2a31cdfe3497dd1f740b5799dee3d2a4,134512996,32,40,52,56988,44104,52984,79332,1,0,17,5,0,0,0,0,0,0,1
VirusShare_1f89e9c588a64238a4072b32b531d1f0,134513000,32,40,52,74584,53684,71392,97988,1,0,17,5,0,0,0,0,0,0,1
VirusShare_2a84469b3e04da5fed63cc6ca9576011,33200,32,40,52,106876,83144,100000,126260,1,0,22,11,0,0,0,0,0,0,1
VirusShare_2a01f5e82ef03987766e37e17cfee2b6,2147483972,32,40,52,72640,60992,69620,95820,1,0,17,5,0,0,0,0,0,0,1
VirusShare_2b8bfc6128f33c1680a5dfafc5759645,36080,32,40,52,17588,12752,17540,71856,1,0,33,4,0,0,0,61,1,0,1
VirusShare_2b95b4b33a4eeeab45281d22e2a06abd,4194720,32,40,52,95896,89216,95828,97388,1,0,18,2,0,0,0,0,0,0,1
VirusShare_2b3890f6e22aa66490e711a86f1a1aa4,33172,32,40,52,109072,78568,82832,95312,2,0,26,15,0,0,0,0,0,0,1
VirusShare_1ef17877b39d06e83f7c31ead2eff08f,4194720,32,40,52,17132,13600,15996,18548,1,0,18,2,0,0,0,0,0,0,1
VirusShare_1e8874c57ded659420357de1e5155b4d,4194912,32,40,52,66924,62032,65208,65920,1,0,18,2,0,0,0,0,0,0,1
VirusShare_2bb770312a7b278e0c5d47e84c11af55,4194720,32,40,52,132252,112192,128652,154660,1,0,18,5,0,0,0,0,0,0,1
VirusShare_2a9b1218874c19d69e94228a3f54f25f,134513000,32,40,52,74836,56228,71808,98148,1,0,17,5,0,0,0,0,0,0,1
VirusShare_1e930836f18ce5778d1532e11f813dce,2147483972,32,40,52,65540,61206,65470,66490,1,0,17,2,0,0,0,0,0,0,1
VirusShare_1e3804f138d9ef6f0706720228a316f2,268435952,32,40,52,65500,53988,62628,88068,1,0,17,5,0,0,0,0,0,0,1
VirusShare_2a24ec69b4fd9da01017fdc0261cf3a4,4194976,32,40,52,158468,125184,147360,172908,1,1,22,6,0,0,0,0,0,0,1
VirusShare_1e3514ce390b8718886b58f486e6efdf,4194720,32,40,52,74360,66208,74292,75304,1,0,18,2,0,0,0,0,0,0,1
VirusShare_2bf761a04cfe2966c361a1f51691314f,4194976,32,40,52,154884,120560,142512,168500,1,1,22,6,0,0,0,0,0,0,1
VirusShare_1e80c98c3c96ba8b5ae8c9200219fafc,4194720,32,40,52,94824,86624,94672,96408,1,0,18,2,0,0,0,0,0,0,1
VirusShare_1fe4e3713a5e2da24e020edf1ec5f3a2,33172,32,40,52,128304,95592,104556,117244,2,0,26,15,0,0,0,0,0,0,1
VirusShare_2a753d234f968b95b121cc64d9be10b9,33232,32,40,52,123240,82368,96740,125720,2,0,26,15,0,0,0,0,0,0,1
VirusShare_2bf66876da9d1cf42934a52ceb3061e9,2147483972,32,40,52,65816,61482,65746,66766,1,0,17,2,0,0,0,0,0,0,1
VirusShare_2a6cb5ad2670837f80eb26709f55fb5b,2147483972,32,40,52,90012,85286,89944,91136,1,0,17,2,0,0,0,0,0,0,1
VirusShare_1e30dc7d57faece7ea59a797c7efce1b,65956,32,40,52,72832,68972,72764,73580,1,0,17,2,0,0,0,0,0,0,1
VirusShare_1eb1b1ed30e45e4b22762c5e92374e79,134513000,32,40,52,58204,45460,55192,81668,1,0,17,5,0,0,0,0,0,0,1
VirusShare_1e135ac5bca9493fd1c4744fa87c4289,33108,32,40,52,46016,43340,45900,88220,1,0,18,3,0,0,0,0,0,0,1
VirusShare_1f64b4f25e5ddd6b892eb68bc1677402,0,32,40,52,617468,142192,626299,787147,1,0,41,5,0,0,0,274,1,163,1
VirusShare_1ec0976afd424b49148fd5b2e6dcf61d,0,32,40,52,230984,147092,236699,398035,1,0,41,5,0,0,0,632,1,8,1
VirusShare_1ebfa22616d2b1bb0749cf7773c731ce,65956,32,40,52,53172,49904,53104,54044,1,0,17,2,0,0,0,0,0,0,1
VirusShare_1f7a95a161ee171430071c74a3a89733,4194720,32,40,52,33312,31040,33244,33888,1,0,18,2,0,0,0,0,0,0,1
VirusShare_2a1fda7533e9262430251137d53ee8f6,33232,32,40,52,110240,75692,83756,112736,2,0,26,15,0,0,0,0,0,0,1
VirusShare_2b4655234cbfec1dfd89330d1b50783b,33172,32,40,52,94568,68712,71616,83932,2,0,26,15,0,0,0,0,0,0,1
VirusShare_2b29d60b5b3ee0b62e2b01a6b4a96f4c,2147483972,32,40,52,96540,75584,93396,119088,1,0,17,5,0,0,0,0,0,0,1
VirusShare_2b44e79f98e75e738b4b07e45615e67e,4194720,32,40,52,65968,60832,65380,66620,1,0,18,2,0,0,0,0,0,0,1
VirusShare_2aced481b93aae0e96410ada17d75ae5,65956,32,40,52,60504,56164,60436,61212,1,0,17,2,0,0,0,0,0,0,1
VirusShare_2a48b39844bae91fd80fab3ae3be23df,134512996,32,40,52,46432,42822,46364,47996,1,0,17,2,0,0,0,0,0,0,1
VirusShare_2bbe01072d0047164e0bf7e938b8fc45,65956,32,40,52,70472,58124,65924,91372,1,0,17,14,0,0,0,0,0,0,1
VirusShare_2b3eb4ee8d028cdf4d9a872e92c330d7,10416,32,40,52,167312,45488,93084,93144,1,0,31,5,0,0,0,239,3,6,1
VirusShare_2a5600ec2c7f9cd1fa442285cc107a5f,4194976,32,40,52,90340,71248,80564,106108,1,1,22,6,0,0,0,0,0,0,1
VirusShare_02a111cb7af28db8f5f0aa871dafe0ea,33132,32,40,52,87616,83180,87688,89860,1,0,22,3,0,0,0,0,0,0,1
VirusShare_2b0b7590e13451f4622d89a4c8142a78,65956,32,40,52,70620,65872,70552,71604,1,0,17,2,0,0,0,0,0,0,1
VirusShare_1e786cc12e40be24b466124f487a7169,0,32,40,52,16856,9388,17561,17561,0,0,41,5,0,0,0,66,1,6,1
VirusShare_2b526c19bcf35fb563d86314237546fa,33172,32,40,52,105488,74156,78328,90840,2,0,26,15,0,0,0,0,0,0,1
VirusShare_1fbbd0803a984b9f6dd9bf54b9004099,268435952,32,40,52,23936,21964,23856,24296,1,0,17,2,0,0,0,0,0,0,1
VirusShare_1fd1177142eea6e00497ef698c3aea22,33200,32,40,52,72196,63408,68280,93904,1,0,22,11,0,0,0,0,0,0,1
VirusShare_1e146b028d3433688dcbdf19d67b621e,2147483972,32,40,52,52656,50646,52586,53158,1,0,17,2,0,0,0,0,0,0,1
VirusShare_2b3d84cf16f4f2175da68159acc920bc,4194720,32,40,52,51184,48960,51116,51756,1,0,18,2,0,0,0,0,0,0,1
VirusShare_2a4235a40b86b7d03236077bbc5daefe,134512996,32,40,52,77816,55240,72260,98856,1,0,17,5,0,0,0,0,0,0,1
VirusShare_1edf8f29ea7fdc9f1ed8dcba864d16aa,4194912,32,40,52,91796,83472,89532,90840,1,0,18,2,0,0,0,0,0,0,1
VirusShare_2a73c856787389dbc2575230ecf9663c,2147483972,32,40,52,74648,61988,71808,97244,1,0,17,5,0,0,0,0,0,0,1
VirusShare_1ebd1ecc71ef9352516904dc2a94bf45,33200,32,40,52,114260,86804,104808,131340,1,0,22,11,0,0,0,0,0,0,1
VirusShare_2b04151344afd8a7994877edcb37c471,2147483972,32,40,52,124996,78904,121760,147216,1,0,17,5,0,0,0,0,0,0,1
VirusShare_1f31283346b430db4c977e50f2060d91,4194720,32,40,52,66996,52096,64048,89488,1,0,18,5,0,0,0,0,0,0,1
VirusShare_01f1c43ac5cbfb2ae11b7d422e1bd1dc,33172,32,40,52,91336,61916,67880,80596,2,0,26,15,0,0,0,0,0,0,1
VirusShare_1ebe013fdfe07139bde9637a5d230fc6,134512996,32,40,52,61144,44984,56644,82984,1,0,17,5,0,0,0,0,0,0,1
VirusShare_2b0268bb748ff3277944422b2b20b0a9,4194976,32,40,52,204596,169872,193088,218652,1,1,22,6,0,0,0,0,0,0,1
VirusShare_1e57a27dbf9fb9bf4716ba3b6762d9de,4194912,32,40,52,38260,34032,37392,92096,1,0,18,2,0,0,0,0,0,0,1
VirusShare_2b310423ec5a865c9af6b35a058e2085,4194720,32,40,52,59272,47776,56432,81868,1,0,18,5,0,0,0,0,0,0,1
VirusShare_2be33cdfefe8fdb102b7b69f16c32bcf,65956,32,40,52,41468,38112,40412,41072,1,0,17,2,0,0,0,0,0,0,1
VirusShare_1fab8331e54e92ba7ab86907ddad38e0,134512996,32,40,52,69856,49912,63912,90252,1,0,17,5,0,0,0,0,0,0,1
VirusShare_2ac1b70d7adc4ac42c0ee264c80f0dc4,268435952,32,40,52,66196,60824,66116,67412,1,0,17,2,0,0,0,0,0,0,1
VirusShare_1f7db33d4211d50814ca6d6006dee6c5,33168,32,40,52,74460,67868,73128,83072,1,0,18,3,0,0,0,0,0,0,1
VirusShare_1ff221fee790c6c73461de8fc0a5425a,268435952,32,40,52,29612,25504,29532,29848,1,0,17,2,0,0,0,0,0,0,1
VirusShare_1f2704355b5c4ce219f05731c8bda68b,33172,32,40,52,118544,88904,94348,107264,2,0,26,15,0,0,0,0,0,0,1
VirusShare_2b86cc9bafd12afd193d66e0a5603baf,268435952,32,40,52,56416,51076,56336,57080,1,0,17,2,0,0,0,0,0,0,1
VirusShare_2a2e60eeb416af4b10acdac0d1f3de4f,4194720,32,40,52,43920,41856,43852,44492,1,0,18,2,0,0,0,0,0,0,1
VirusShare_1f9090848d51f281f847b6af99187198,134513000,32,40,52,51044,46257,50972,52828,1,0,17,2,0,0,0,0,0,0,1
VirusShare_1f755524e0a854640b0e70a341c233d9,4194720,32,40,52,50936,48800,50868,51508,1,0,18,2,0,0,0,0,0,0,1
VirusShare_1f2863bfa9836bd9573e9bd15e5e45d4,4194720,32,40,52,82076,63712,77928,103368,1,0,18,5,0,0,0,0,0,0,1
VirusShare_2ab2a336dc2c72cfae7eb01e8610500d,4688,56,64,64,16920,5564,14165,14173,1,0,39,3,0,0,0,37,1,4,1
VirusShare_2b7a4d4159dd0edc1bcb3c5c62a6bedf,2147483972,32,40,52,96552,75584,93408,119100,1,0,17,5,0,0,0,0,0,0,1
VirusShare_2a750141a3f0296116e0fb6e57298353,33200,32,40,52,76964,62340,69788,96008,1,0,22,11,0,0,0,0,0,0,1
VirusShare_2bde92988d76b6873bcf7362ce43418e,2147483972,32,40,52,67888,62938,67820,68884,1,0,17,2,0,0,0,0,0,0,1
VirusShare_2bf9e764ebacb042458ee988e514cf48,268435952,32,40,52,92360,74444,89400,116912,1,0,17,5,0,0,0,0,0,0,1
VirusShare_2b6607c1f7f75b5acbeadb354f12b787,65956,32,40,52,75884,62900,71840,97288,1,0,17,14,0,0,0,0,0,0,1
VirusShare_2a083e780e9541fb27c869434c7ef68e,134513000,32,40,52,70332,60689,70134,80730,1,0,17,2,0,0,0,0,0,0,1
VirusShare_1e254607d92baaad5844cf8a45b0420b,2147483972,32,40,52,69180,65634,69112,69840,1,0,17,2,0,0,0,0,0,0,1
VirusShare_1fc701dd3809e3075725210083415fcc,33200,32,40,52,89108,73708,81900,107656,1,0,22,11,0,0,0,0,0,0,1
VirusShare_1f9974486282c1dee6b8a078ca57f19c,2147483972,32,40,52,118404,73800,115224,140676,1,0,17,5,0,0,0,0,0,0,1
VirusShare_1f3c767baa64bfbbaf95197e77a11761,4194976,32,40,52,137412,103616,123760,149608,1,1,22,6,0,0,0,0,0,0,1
VirusShare_1f73aba888a9553b75a38786386a6a32,2147483972,32,40,52,66832,48866,66762,75550,1,0,17,2,0,0,0,0,0,0,1
VirusShare_2aa04cb6992db23e44038aa577e387c5,33200,32,40,52,78380,63524,71828,98048,1,0,22,11,0,0,0,0,0,0,1
VirusShare_1ec6a0110fa52ecb065ffb98aed77203,4194720,32,40,52,63960,59296,63892,65132,1,0,18,2,0,0,0,0,0,0,1
VirusShare_1e57e6727135f7caba64b0d1000095b1,33108,32,40,52,70608,65072,70492,112916,1,0,18,3,0,0,0,0,0,0,1
VirusShare_2b470ee5c7358e380c5674671767f4ca,65956,32,40,52,84652,79784,84584,85836,1,0,17,2,0,0,0,0,0,0,1
VirusShare_2b54a6b5a442324105fa84ac7b854866,268435952,32,40,52,76672,69020,76592,85616,1,0,17,2,0,0,0,0,0,0,1
VirusShare_2b7c067c1eaa44402f8301d171b26352,2147487144,32,40,52,52520,45734,52785,53579,1,0,32,2,0,0,0,50,1,0,1
VirusShare_02b3eaad2b9bc6a9aa9e9f9467e86a46,33172,32,40,52,62824,59452,62948,75068,2,0,26,3,0,0,0,0,0,0,1
VirusShare_2bfe2ff1313124b1777c3f9e7c4877ac,65956,32,40,52,69312,65476,69244,78204,1,0,17,2,0,0,0,0,0,0,1
VirusShare_1e345c02aae383d5eb5158258fd97edf,2147483972,32,40,52,72280,61376,69460,94896,1,0,17,5,0,0,0,0,0,0,1
VirusShare_2abdd283e4f12b693f306ab7ce9744db,4194976,32,40,52,85528,66832,76148,101692,1,1,22,6,0,0,0,0,0,0,1
VirusShare_1f4bf24be0f5d5cdd4a1b3e3bfa5a34a,4194912,32,40,52,92352,87216,92248,93116,1,0,18,2,0,0,0,0,0,0,1
VirusShare_2b90f418563cc05a51eebd3f0539b0f2,2147483972,32,40,52,53208,49662,53138,53818,1,0,17,2,0,0,0,0,0,0,1
VirusShare_2ac6911a9c2229da5d1d3e8c591407ef,4194720,32,40,52,63964,59296,63896,65136,1,0,18,2,0,0,0,0,0,0,1
VirusShare_1efca63fdda5451a4aafaa8d185dba27,4194912,32,40,52,63468,60192,63364,64076,1,0,18,2,0,0,0,0,0,0,1
VirusShare_1fff045d1cc64d5d428f89860cac5cb6,33172,32,40,52,118544,88888,94332,107248,2,0,26,15,0,0,0,0,0,0,1
VirusShare_1edbb7d83f3e39f977081d8cfec4a24f,2147483972,32,40,52,60984,56986,60914,61586,1,0,17,2,0,0,0,0,0,0,1
VirusShare_2a70d1d93435affa21311475a64adb7a,134513000,32,40,52,75060,56788,72032,100452,1,0,17,5,0,0,0,0,0,0,1
VirusShare_2ace5c0cb05a20d276236532d7beb1dc,4194912,32,40,52,75364,68608,73104,73872,1,0,18,2,0,0,0,0,0,0,1
VirusShare_1e8a21cff6ec10ce6bc1de84d19da09d,4194720,32,40,52,43948,41856,43880,44520,1,0,18,2,0,0,0,0,0,0,1
VirusShare_1ff5ce6de36c485c444ffff01c68f44f,134513028,32,40,52,59028,45256,55156,84144,2,0,21,7,0,0,0,0,0,0,1
VirusShare_1e6e3896d61bd88448167ae017000fd9,4194912,32,40,52,92712,77360,89328,114980,1,0,18,2,0,0,0,0,0,0,1
VirusShare_1e249600c3bff003a43e937a7b3b0898,134512864,32,40,52,987728,777217,977232,1264476,1,0,15,12,0,0,0,0,0,0,1
VirusShare_1ef6f88201b1be2e4ac4859982c06368,0,32,40,52,459112,222960,477023,477023,0,0,41,5,0,0,0,2854,1,82,1
VirusShare_1ea3da69e18c3fa269cd76d5d104a188,134512996,32,40,52,129568,95144,125640,152012,1,0,17,5,0,0,0,0,0,0,1
VirusShare_2be9dc77bc9bdd9c3c6b091a3132a65f,134512928,32,40,52,965476,744640,959255,992871,2,0,25,5,0,0,0,0,0,0,1
VirusShare_2af6b251dca29dcdee785030a7283271,33172,32,40,52,107120,77452,83536,95956,2,0,26,15,0,0,0,0,0,0,1
VirusShare_1f73d0ede6e4a78b20b467801cce67cf,4194976,32,40,52,137412,103584,123728,149576,1,1,22,6,0,0,0,0,0,0,1
VirusShare_1e9944258cc1d1bda72dcc3b0332df9e,4194720,32,40,52,92532,86048,92464,94024,1,0,18,2,0,0,0,0,0,0,1
VirusShare_2ab40fa359150e9dd4c254616fb6ffc7,33108,32,40,52,75060,67288,74504,117172,1,0,18,3,0,0,0,0,0,0,1
VirusShare_2a9bdd6978c981ac2c1d77af67b7eb46,33200,32,40,52,72940,57144,64920,75780,1,0,22,11,0,0,0,0,0,0,1
VirusShare_2bf6096f76a8774f006a97ae0b6e7b45,0,32,40,52,168436,107452,175387,195792,1,0,41,5,0,0,0,781,1,16,1
VirusShare_1ef53bcd889fa4617671d037118c6318,268435952,32,40,52,56128,52840,56048,56820,1,0,17,2,0,0,0,0,0,0,1
VirusShare_1fd40020cd5f9e6b40b47212f407eb0f,268435952,32,40,52,27304,19796,27224,150852,1,0,17,2,0,0,0,0,0,0,1
VirusShare_2a9d0bf5f8163b1caf28e9d7a8704954,2147483972,32,40,52,68624,58252,66216,91116,1,0,17,5,0,0,0,0,0,0,1
VirusShare_2bbef9b865ae24ee5a41d946bd552da0,33172,32,40,52,95072,69176,72100,84416,2,0,26,15,0,0,0,0,0,0,1
VirusShare_1efc60ae177ecd3d00e8a00ec2d21ae5,4194720,32,40,52,43948,41856,43880,44520,1,0,18,2,0,0,0,0,0,0,1
VirusShare_2a2970613e18b5a030358691cca8abcf,4194976,32,40,52,154116,120368,141744,167732,1,1,22,6,0,0,0,0,0,0,1
VirusShare_1eb130bdec9a2e9f7ebac2a9f62ca457,134512996,32,40,52,47424,44006,47356,49052,1,0,17,2,0,0,0,0,0,0,1
VirusShare_2b126bc78f6f35aee72dd8c00a303f32,4194720,32,40,52,63964,59296,63896,65136,1,0,18,2,0,0,0,0,0,0,1
VirusShare_1eb338b1804c4b6f7dc03e6ba507e465,2147483972,32,40,52,65540,61206,65470,66490,1,0,17,2,0,0,0,0,0,0,1
VirusShare_1fefbc1e1398373e0c1cd056f453c301,134513438,32,40,52,964,737,931,935,1,0,17,2,0,0,0,0,0,0,1
VirusShare_2a5232be9a9ed4120a5c573e6b8b0be2,2147483972,32,40,52,87256,77044,84020,110248,1,0,17,5,0,0,0,0,0,0,1
VirusShare_2b63b122d7b0bce1353dfb1f42425104,0,32,40,52,315852,224344,336299,362428,1,0,41,5,0,0,0,330,1,20,1
VirusShare_2beb5694d3e7e2cbe404c99a2f153a58,33108,32,40,52,82592,76524,81304,124224,1,0,18,3,0,0,0,0,0,0,1
VirusShare_2aafed737da47b085878c23d30b31135,33108,32,40,52,70628,56896,67276,164136,1,0,18,3,0,0,0,0,0,0,1
VirusShare_2a2b1535ee6f81e6a9be9c74540dd776,4194976,32,40,52,142920,125712,132344,141788,1,1,22,6,0,0,0,0,0,0,1
